step,samples_seen,p_grid_relative_l2,p_area_relative_l2,p_rmse,p_relative_linf,f_zero_rmse,f_zero_max_abs,outer_dirichlet_max_abs,elapsed_seconds
1,768,34.67415237426758,36.83605194091797,1.6445350646972656,31.19322395324707,128.21310424804688,300.1480407714844,0.0,26.292482213582844
1000,768000,0.3888012766838074,0.41354116797447205,0.01844017207622528,0.43786555528640747,1.896437406539917,9.914534568786621,0.0,516.1061926796101
2000,1536000,0.4720022678375244,0.49871450662612915,0.022386249154806137,0.5297092795372009,0.9479306936264038,3.7958970069885254,0.0,1006.1107272626832
3000,2304000,0.3318955898284912,0.36068195104599,0.01574123464524746,0.3795293867588043,0.763139545917511,2.6151161193847656,0.0,1496.0719404569827
4000,3072000,0.18454506993293762,0.19109833240509033,0.008752653375267982,0.23568876087665558,0.5125794410705566,2.7952587604522705,0.0,1986.1913221147843
5000,3840000,0.26039353013038635,0.2514926493167877,0.012350013479590416,0.30114462971687317,0.5650143623352051,3.036911964416504,0.0,2476.666489638854
6000,4608000,0.12029758840799332,0.13110201060771942,0.005705507006496191,0.17996852099895477,0.7615762948989868,4.060868263244629,0.0,2966.429666367825
7000,5376000,0.11474635452032089,0.13253067433834076,0.005442221183329821,0.17556077241897583,0.3784647285938263,1.878719449043274,0.0,3456.9009319716133
8000,6144000,0.21431265771389008,0.25973644852638245,0.010164478793740273,0.22123511135578156,0.4918569028377533,2.3032166957855225,0.0,3947.332489013672
9000,6912000,0.17509052157402039,0.1757710874080658,0.008304240182042122,0.23287491500377655,0.26624447107315063,2.200465202331543,0.0,4437.8797777057625
10000,7680000,0.12845538556575775,0.13685350120067596,0.00609241658821702,0.21733906865119934,0.28642159700393677,0.8707759380340576,0.0,4928.087290297728
11000,8448000,0.11217450350522995,0.13535523414611816,0.00532024260610342,0.09607485681772232,0.3287838101387024,1.6052099466323853,0.0,5418.881708317902
12000,9216000,0.19481304287910461,0.20037631690502167,0.00923964474350214,0.2705232501029968,0.3056671619415283,2.1405575275421143,0.0,5909.014097391628
13000,9984000,0.09856200963258743,0.10245528072118759,0.0046746255829930305,0.2047344297170639,0.1767328679561615,0.7632161378860474,0.0,6398.816027328838
14000,10752000,0.08358785510063171,0.0895632803440094,0.003964427392929792,0.1292072832584381,0.2528091073036194,1.2977033853530884,0.0,6888.4079393199645
15000,11520000,0.1046779528260231,0.11270291358232498,0.004964694380760193,0.15324752032756805,0.2878579795360565,1.646327018737793,0.0,7378.061570732854
16000,12288000,0.09255184978246689,0.10269635170698166,0.004389573819935322,0.15562796592712402,0.2130136340856552,0.9936519265174866,0.0,7868.277310951613
17000,13056000,0.15395309031009674,0.18510057032108307,0.007301728706806898,0.12145993858575821,0.2222888320684433,1.2892719507217407,0.0,8358.792089230847
18000,13824000,0.07940040528774261,0.08239445835351944,0.0037658237852156162,0.12167417258024216,0.155352383852005,0.9731580018997192,0.0,8848.763648972847
19000,14592000,0.13322794437408447,0.12947186827659607,0.006318770349025726,0.19450312852859497,0.1521298736333847,0.8281646966934204,0.0,9339.206326503772
20000,15360000,0.09311423450708389,0.10138048976659775,0.004416246898472309,0.15684056282043457,0.1959374099969864,1.0401053428649902,0.0,9828.936881326605
21000,16128000,0.1562950164079666,0.1589311808347702,0.007412802428007126,0.19254325330257416,0.15390819311141968,0.9439383745193481,0.0,10320.614310736768
22000,16896000,0.08606147766113281,0.10200147330760956,0.004081747028976679,0.12503919005393982,0.18236765265464783,1.0501718521118164,0.0,10809.974962801673
23000,17664000,0.11213766038417816,0.12636925280094147,0.005318495444953442,0.1851375550031662,0.17216990888118744,0.9256475567817688,0.0,11300.000618617982
24000,18432000,0.08510690182447433,0.08993981778621674,0.004036472644656897,0.1388588845729828,0.16937221586704254,1.041146159172058,0.0,11790.103144671768
25000,19200000,0.07712852954864502,0.08767414838075638,0.003658072790130973,0.08070959150791168,0.16914021968841553,1.0671249628067017,0.0,12280.361013804562
26000,19968000,0.07770808786153793,0.09834258258342743,0.0036855603102594614,0.05888337269425392,0.18335993587970734,1.0211507081985474,0.0,12770.790285304654
27000,20736000,0.06274121254682541,0.06997227668762207,0.0029757071752101183,0.08861284703016281,0.14365585148334503,0.6772472858428955,0.0,13260.601681925822
28000,21504000,0.10845144093036652,0.12522947788238525,0.0051436638459563255,0.09898830950260162,0.2563084065914154,1.075681209564209,0.0,13750.53146618465
29000,22272000,0.09190691262483597,0.09481330960988998,0.004358985926955938,0.14215043187141418,0.1457311064004898,0.6261578798294067,0.0,14240.172307337634
30000,23040000,0.08735473453998566,0.09497768431901932,0.004143083933740854,0.1356440633535385,0.1967490017414093,0.8211032152175903,0.0,14730.004340623971
31000,23808000,0.08633244782686234,0.09945172071456909,0.004094598349183798,0.07684969902038574,0.16130009293556213,1.2278059720993042,0.0,15221.917847970966
32000,24576000,0.0555560439825058,0.06545238941907883,0.002634927164763212,0.050597183406353,0.1496613323688507,0.5958664417266846,0.0,15711.51350702392
33000,25344000,0.07467910647392273,0.08730880171060562,0.0035419010091573,0.10777079313993454,0.1557772308588028,1.015812635421753,0.0,16201.191601191647
34000,26112000,0.10225261002779007,0.12667743861675262,0.004849664401262999,0.08226412534713745,0.1643877923488617,0.946119487285614,0.0,16690.791539533995
35000,26880000,0.10847481340169907,0.12329065054655075,0.005144772585481405,0.1432361751794815,0.18751558661460876,0.8789931535720825,0.0,17180.213724686764
36000,27648000,0.05270858481526375,0.0595146007835865,0.0024998767767101526,0.06022104620933533,0.1386166363954544,0.877609133720398,0.0,17670.18258295767
37000,28416000,0.06374670565128326,0.07049987465143204,0.003023396013304591,0.08254771679639816,0.15543319284915924,0.8821665048599243,0.0,18160.038299826905
38000,29184000,0.05323885381221771,0.05939289554953575,0.002525026910007,0.08571608364582062,0.15463295578956604,0.6123653054237366,0.0,18649.5165323657
39000,29952000,0.10087133944034576,0.09898210316896439,0.004784153308719397,0.15412618219852448,0.15436998009681702,1.0519955158233643,0.0,19139.64993712399
40000,30720000,0.05326339229941368,0.05666469410061836,0.002526190597563982,0.09215641021728516,0.14991702139377594,0.828066349029541,0.0,19629.324647924863
41000,31488000,0.07724358141422272,0.09099945425987244,0.0036635296419262886,0.13557620346546173,0.17456789314746857,0.9440922141075134,0.0,20121.13659920683
42000,32256000,0.09765610843896866,0.10598814487457275,0.00463165994733572,0.13600943982601166,0.15625636279582977,1.0549935102462769,0.0,20611.244940091856
43000,33024000,0.08383242040872574,0.09653826057910919,0.003976026549935341,0.11501067876815796,0.1348244845867157,0.9325456023216248,0.0,21100.843462947756
44000,33792000,0.09740913659334183,0.10924795269966125,0.0046199471689760685,0.1104782447218895,0.19692981243133545,0.769409716129303,0.0,21591.471090355888
45000,34560000,0.05238159000873566,0.06070956960320473,0.0024843683931976557,0.07166776806116104,0.15507066249847412,0.87200528383255,0.0,22081.33359705098
46000,35328000,0.04491368681192398,0.04886013641953468,0.0021301782689988613,0.06619280576705933,0.166709765791893,0.9706376194953918,0.0,22570.97001038771
47000,36096000,0.05978217348456383,0.06346620619297028,0.0028353650122880936,0.11123231053352356,0.11508902162313461,0.6996365785598755,0.0,23060.870441122912
48000,36864000,0.06046425551176071,0.060821715742349625,0.0028677149675786495,0.08043655753135681,0.14979001879692078,0.6935404539108276,0.0,23550.099169085734
49000,37632000,0.04697860777378082,0.05676644667983055,0.002228114055469632,0.054219719022512436,0.15068548917770386,0.818290650844574,0.0,24039.55025543878
50000,38400000,0.0822707936167717,0.08744146674871445,0.0039019614923745394,0.09977567940950394,0.12438434362411499,0.8807920813560486,0.0,24529.53804442659
51000,39168000,0.05242714285850525,0.05751853436231613,0.00248652882874012,0.07165941596031189,0.18217310309410095,1.2937226295471191,0.0,25020.880400853697
52000,39936000,0.046704478561878204,0.04951554909348488,0.0022151125594973564,0.09797929227352142,0.12181759625673294,0.8373053669929504,0.0,25510.84987210296
53000,40704000,0.03963114693760872,0.046929169446229935,0.0018796366639435291,0.05074838548898697,0.15137939155101776,0.7322971224784851,0.0,26000.765779071953
54000,41472000,0.0742097720503807,0.07813002914190292,0.003519641002640128,0.1165437176823616,0.12500055134296417,0.8735399842262268,0.0,26490.40459441766
55000,42240000,0.08276194334030151,0.09218233078718185,0.003925255965441465,0.08229877054691315,0.1702393889427185,0.6803620457649231,0.0,26979.479511737823
56000,43008000,0.039489515125751495,0.0413474515080452,0.0018729193834587932,0.06502903252840042,0.12114422768354416,0.7230872511863708,0.0,27469.176505552605
57000,43776000,0.06935668736696243,0.0859677717089653,0.0032894678879529238,0.0773065909743309,0.176576629281044,0.9711495637893677,0.0,27959.128071212675
58000,44544000,0.06158754229545593,0.06279231607913971,0.002920990576967597,0.07603555917739868,0.13765838742256165,0.7406648993492126,0.0,28448.90472113155
59000,45312000,0.05903812125325203,0.06707721203565598,0.002800075802952051,0.055693693459033966,0.14844053983688354,1.0348130464553833,0.0,28938.234226262663
60000,46080000,0.04107284918427467,0.047029439359903336,0.001948014134541154,0.04835207387804985,0.16748660802841187,0.7299924492835999,0.0,29427.766006292775
61000,46848000,0.06724487245082855,0.07085677981376648,0.003189308103173971,0.0774862989783287,0.11844730377197266,0.6098838448524475,0.0,29918.81271010684
62000,47616000,0.05466645956039429,0.06119657680392265,0.002592735690996051,0.06518319249153137,0.15741418302059174,0.7203766107559204,0.0,30407.62223100476
63000,48384000,0.10194084793329239,0.11627604812383652,0.004834877792745829,0.07837707549333572,0.14237557351589203,0.6236276030540466,0.0,30897.31295684399
64000,49152000,0.06143117696046829,0.07311641424894333,0.002913574455305934,0.07280832529067993,0.14926479756832123,0.9606410264968872,0.0,31387.21149851568
65000,49920000,0.07484357804059982,0.08607076853513718,0.0035497015342116356,0.07679611444473267,0.15740402042865753,0.7804964780807495,0.0,31877.089665169828
66000,50688000,0.03939545899629593,0.04705844447016716,0.0018684584647417068,0.046102914959192276,0.09852346777915955,0.646211564540863,0.0,32366.83446244197
67000,51456000,0.056400179862976074,0.061156265437603,0.002674963092431426,0.06630144268274307,0.10109235346317291,0.6947771310806274,0.0,32856.65515935188
68000,52224000,0.05759209766983986,0.06688831001520157,0.0027314936742186546,0.05860743671655655,0.14719025790691376,0.6617356538772583,0.0,33346.37438884098
69000,52992000,0.0741310566663742,0.08701862394809723,0.0035159080289304256,0.11091499030590057,0.1361485719680786,0.8458880186080933,0.0,33836.317850122694
70000,53760000,0.04548867046833038,0.04860483855009079,0.002157449023798108,0.10173514485359192,0.15160265564918518,0.8415741920471191,0.0,34325.706356725655
71000,54528000,0.050656937062740326,0.05481076240539551,0.002402571029961109,0.05988737940788269,0.13478431105613708,0.7315017580986023,0.0,34817.36236363556
72000,55296000,0.05172022059559822,0.05967007949948311,0.0024530005175620317,0.057334933429956436,0.11611365526914597,0.8373773694038391,0.0,35307.438421950676
73000,56064000,0.04881301149725914,0.058733079582452774,0.0023151165805757046,0.037586014717817307,0.11322174966335297,0.7722811698913574,0.0,35797.184516654816
74000,56832000,0.045949894934892654,0.05079513415694237,0.0021793239284306765,0.04836383834481239,0.11783716827630997,0.7163379788398743,0.0,36287.04181479663
75000,57600000,0.06727694720029831,0.07499595731496811,0.003190829185768962,0.06276324391365051,0.1151239275932312,0.8178381323814392,0.0,36776.81312371185
76000,58368000,0.06206629425287247,0.06675173342227936,0.0029436966869980097,0.06322256475687027,0.12382220476865768,0.717864990234375,0.0,37266.460984715726
77000,59136000,0.0653529018163681,0.07490822672843933,0.00309957517310977,0.08828051388263702,0.1454036384820938,0.9008219838142395,0.0,37755.88557817694
78000,59904000,0.05059164762496948,0.0573933981359005,0.0023994743824005127,0.0479276180267334,0.10959634929895401,0.6188009977340698,0.0,38245.49549198756
79000,60672000,0.04295164346694946,0.04947702959179878,0.0020371221471577883,0.04353909194469452,0.12816859781742096,0.7659757733345032,0.0,38735.15411652392
80000,61440000,0.056988347321748734,0.06669455021619797,0.002702858531847596,0.06529432535171509,0.11200319230556488,0.48986709117889404,0.0,39224.834341778886
81000,62208000,0.05124778300523758,0.05587129667401314,0.0024305935949087143,0.0699717327952385,0.11559261381626129,0.764758825302124,0.0,39716.657503625844
82000,62976000,0.06231798976659775,0.06369827687740326,0.002955634379759431,0.10626015812158585,0.14600059390068054,0.58626389503479,0.0,40206.38624920696
83000,63744000,0.12016648799180984,0.13213136792182922,0.005699289031326771,0.18002362549304962,0.314934641122818,3.2181649208068848,0.0,40696.39480387792
84000,64512000,0.048316363245248795,0.05805483087897301,0.0022915613371878862,0.060368362814188004,0.13023318350315094,0.9672632217407227,0.0,41186.59544278076
85000,65280000,0.0426885224878788,0.044995300471782684,0.0020246426574885845,0.058778535574674606,0.09339503943920135,0.5551031231880188,0.0,41676.24718619278
86000,66048000,0.06107506528496742,0.0726425051689148,0.0028966846875846386,0.07256993651390076,0.09774242341518402,0.5353116393089294,0.0,42166.03102122201
87000,66816000,0.07228726148605347,0.08286632597446442,0.0034284598659723997,0.07461531460285187,0.09601550549268723,0.5094228982925415,0.0,42656.12077466957
88000,67584000,0.04238239675760269,0.04722419008612633,0.002010123571380973,0.049435313791036606,0.09274015575647354,0.4902612268924713,0.0,43145.97317064786
89000,68352000,0.05220508575439453,0.05875656008720398,0.002475996967405081,0.06727387756109238,0.10631141811609268,0.7678024768829346,0.0,43635.695394814946
90000,69120000,0.04911026731133461,0.05041879042983055,0.0023292149417102337,0.07359547913074493,0.09223543852567673,0.5164886713027954,0.0,44125.24348516669
91000,69888000,0.05896477401256561,0.05974670872092247,0.0027965970803052187,0.08841796219348907,0.1245872974395752,0.5138314366340637,0.0,44616.812629138585
92000,70656000,0.0753244012594223,0.0882965698838234,0.003572506131604314,0.06432704627513885,0.11562599986791611,0.7805873155593872,0.0,45106.999683153816
93000,71424000,0.04237096756696701,0.04710208997130394,0.0020095815416425467,0.052357807755470276,0.12541767954826355,0.7352462410926819,0.0,45597.1797458888
94000,72192000,0.03660601004958153,0.039542436599731445,0.0017361597856506705,0.07245151698589325,0.1278473287820816,0.7615974545478821,0.0,46087.092654654756
95000,72960000,0.04470270127058029,0.047414135187864304,0.0021201716735959053,0.057290300726890564,0.09892599284648895,0.7312572002410889,0.0,46577.09158697957
96000,73728000,0.04756351560354233,0.05170165374875069,0.0022558551281690598,0.05478491261601448,0.08182313293218613,0.4014008343219757,0.0,47067.036346891895
97000,74496000,0.04430540278553963,0.0561600960791111,0.0021013286896049976,0.04996046796441078,0.17226724326610565,0.7908194661140442,0.0,47557.07629251201
98000,75264000,0.03513979911804199,0.038213856518268585,0.0016666200244799256,0.07322794198989868,0.08346154540777206,0.42741966247558594,0.0,48047.28880500095
99000,76032000,0.044323794543743134,0.047097060829401016,0.002102200873196125,0.04874011501669884,0.10182207822799683,0.5387264490127563,0.0,48537.48604798969
100000,76800000,0.05185040459036827,0.05768999457359314,0.0024591749534010887,0.05088059976696968,0.12336194515228271,0.3966365456581116,0.0,49027.8024211349
101000,77568000,0.043491676449775696,0.04820829629898071,0.002062734914943576,0.060489851981401443,0.10631909221410751,0.6426913738250732,0.0,49519.60736802779
102000,78336000,0.06052812188863754,0.06222653016448021,0.0028707440942525864,0.07540047913789749,0.13574546575546265,0.5824607014656067,0.0,50009.05123075796
103000,79104000,0.06446576863527298,0.06934196501970291,0.003057499649003148,0.07782057672739029,0.11279629170894623,0.6963366270065308,0.0,50498.78513475787
104000,79872000,0.05032455548644066,0.05612308531999588,0.002386806532740593,0.05765628069639206,0.10602535307407379,0.6293613910675049,0.0,50988.33762085484
105000,80640000,0.05734187737107277,0.06490258872509003,0.0027196260634809732,0.09067387878894806,0.14431843161582947,0.7305266857147217,0.0,51477.91767453961
106000,81408000,0.05031564459204674,0.059738848358392715,0.002386383945122361,0.05431045964360237,0.11118493229150772,0.501258134841919,0.0,51968.306292692665
107000,82176000,0.019900457933545113,0.02309548482298851,0.0009438443230465055,0.02877655439078808,0.08427406847476959,0.41274216771125793,0.0,52458.771638740785
108000,82944000,0.04794042184948921,0.050831813365221024,0.0022737313993275166,0.0542113296687603,0.13014395534992218,0.8652505874633789,0.0,52948.139670960605
109000,83712000,0.03043902851641178,0.03556820750236511,0.0014436704805120826,0.04402118921279907,0.09888550639152527,0.5504056811332703,0.0,53437.57999369083
110000,84480000,0.031287603080272675,0.031979791820049286,0.0014839170034974813,0.053877439349889755,0.10869348794221878,0.5311132073402405,0.0,53927.631105804816
111000,85248000,0.050342898815870285,0.055045899003744125,0.002387676388025284,0.0536700114607811,0.13578489422798157,0.9379242062568665,0.0,54418.582502306905
112000,86016000,0.03782760351896286,0.04502290487289429,0.001794097712263465,0.04534014314413071,0.10836760699748993,0.5502134561538696,0.0,54908.39407389099
113000,86784000,0.05181266367435455,0.051514845341444016,0.0024573849514126778,0.06944061815738678,0.10638618469238281,0.7812563180923462,0.0,55398.477160198614
114000,87552000,0.03145631030201912,0.0359991230070591,0.0014919183449819684,0.0419156476855278,0.09071836620569229,0.6428472995758057,0.0,55889.12338180188
115000,88320000,0.050093960016965866,0.05144524201750755,0.0023758700117468834,0.0812976211309433,0.12100344151258469,0.7022993564605713,0.0,56379.29544000188
116000,89088000,0.03797940909862518,0.04389583691954613,0.0018012977670878172,0.05187089741230011,0.10665512830018997,0.7019256949424744,0.0,56868.96781135257
117000,89856000,0.04565662145614624,0.05103512480854988,0.0021654143929481506,0.062344931066036224,0.10100778937339783,0.5759686827659607,0.0,57358.60511844093
118000,90624000,0.041096240282058716,0.05005377531051636,0.0019491236889734864,0.04654872044920921,0.08572898060083389,0.5452784299850464,0.0,57847.948180396575
119000,91392000,0.03507819026708603,0.04112310707569122,0.0016636979999020696,0.033834852278232574,0.0857437252998352,0.7055684328079224,0.0,58337.840861063916
120000,92160000,0.03996029868721962,0.046930525451898575,0.0018952478421851993,0.04025369882583618,0.10244894027709961,0.5361477136611938,0.0,58827.390531159006
121000,92928000,0.029243983328342438,0.033040646463632584,0.0013869917020201683,0.03819454461336136,0.09859711676836014,0.626173198223114,0.0,59319.90498745162
122000,93696000,0.04199249669909477,0.04360275715589523,0.0019916314631700516,0.0510840080678463,0.09932014346122742,0.5106669068336487,0.0,59809.636044298764
123000,94464000,0.029504824429750443,0.034927334636449814,0.0013993628090247512,0.039925552904605865,0.10628642141819,0.6325333714485168,0.0,60299.072934765834
124000,95232000,0.03942444548010826,0.04378874972462654,0.001869833329692483,0.07274540513753891,0.09154938906431198,0.5870151519775391,0.0,60789.25228508795
125000,96000000,0.033411089330911636,0.035977743566036224,0.0015846301103010774,0.0731932520866394,0.10292621701955795,0.5582705140113831,0.0,61278.670212850906
126000,96768000,0.04026196524500847,0.04259830340743065,0.0019095554016530514,0.04216662794351578,0.0868203341960907,0.4395875930786133,0.0,61768.569757713005
127000,97536000,0.024415357038378716,0.029632005840539932,0.001157978200353682,0.036244917660951614,0.09226515889167786,0.6218712329864502,0.0,62257.91145172482
128000,98304000,0.027151433750987053,0.02961813658475876,0.0012877455446869135,0.039458222687244415,0.08468248695135117,0.44235771894454956,0.0,62747.23642618768
129000,99072000,0.03367811441421509,0.037770744413137436,0.001597294700331986,0.03575887531042099,0.07616056501865387,0.3890155255794525,0.0,63236.798116436694
130000,99840000,0.02663738653063774,0.030777478590607643,0.0012633651494979858,0.03503711521625519,0.0933426171541214,0.5291779637336731,0.0,63726.10747509077
131000,100608000,0.033635593950748444,0.037581585347652435,0.001595278037711978,0.04218591749668121,0.08828303217887878,0.528023898601532,0.0,64217.004134955816
132000,101376000,0.04356095939874649,0.0496692955493927,0.0020660210866481066,0.04751855880022049,0.07098991423845291,0.27695950865745544,0.0,64706.647220542654
133000,102144000,0.03353079780936241,0.03842843323945999,0.0015903078019618988,0.03527040779590607,0.08243667334318161,0.45264342427253723,0.0,65196.240509484895
134000,102912000,0.027249211445450783,0.029218193143606186,0.0012923829490318894,0.034722950309515,0.09301160275936127,0.5332978963851929,0.0,65685.41744806897
135000,103680000,0.03558890148997307,0.04118575528264046,0.0016879201866686344,0.035370465368032455,0.09403926879167557,0.46998223662376404,0.0,66175.21505536558
136000,104448000,0.05060227960348129,0.0563223734498024,0.0023999784607440233,0.06910647451877594,0.10747801512479782,0.6063976287841797,0.0,66664.64647779474
137000,105216000,0.045624006539583206,0.05009259656071663,0.002163867698982358,0.058901622891426086,0.10358235239982605,0.49258628487586975,0.0,67153.75395399099
138000,105984000,0.04027741029858589,0.041482094675302505,0.0019102878868579865,0.060336314141750336,0.09663444012403488,0.6231537461280823,0.0,67643.52328968886
139000,106752000,0.031958017498254776,0.035638973116874695,0.001515713520348072,0.034838125109672546,0.09914326667785645,0.7308526635169983,0.0,68133.11662689457
140000,107520000,0.036093585193157196,0.04101191833615303,0.0017118562245741487,0.05424368008971214,0.08328989893198013,0.492296427488327,0.0,68622.70349475974
141000,108288000,0.04271111264824867,0.044597476720809937,0.0020257141441106796,0.05137914419174194,0.08602096885442734,0.6688269376754761,0.0,69113.95179043198
142000,109056000,0.031839966773986816,0.0346532016992569,0.0015101146418601274,0.042555272579193115,0.06568152457475662,0.3280905783176422,0.0,69603.56739646755
143000,109824000,0.030436990782618523,0.03594489023089409,0.0014435737393796444,0.034173499792814255,0.08698903024196625,0.423094242811203,0.0,70093.96785506187
144000,110592000,0.029683418571949005,0.03271124139428139,0.0014078333042562008,0.03826374188065529,0.09276241064071655,0.5019448399543762,0.0,70583.69736142084
145000,111360000,0.037578433752059937,0.041996825486421585,0.0017822801601141691,0.0476684644818306,0.08250638097524643,0.5847873091697693,0.0,71073.99219626188
146000,112128000,0.0324067547917366,0.03660065680742264,0.0015369963366538286,0.03817644342780113,0.09511639922857285,0.487784206867218,0.0,71563.97257582471
147000,112896000,0.023989656940102577,0.028706787154078484,0.0011377879418432713,0.026057889685034752,0.07880375534296036,0.34791529178619385,0.0,72053.6104218727
148000,113664000,0.03553361818194389,0.042168498039245605,0.0016852981643751264,0.0305000152438879,0.0801021158695221,0.4232616722583771,0.0,72544.30834791576
149000,114432000,0.044917382299900055,0.050303176045417786,0.0021303538233041763,0.05050627142190933,0.07305815070867538,0.4390902817249298,0.0,73034.69488239894
150000,115200000,0.044635262340307236,0.04806932806968689,0.0021169730462133884,0.05236675962805748,0.09095203876495361,0.47756490111351013,0.0,73524.15244244365
151000,115968000,0.029221905395388603,0.03229910880327225,0.0013859444297850132,0.03568141162395477,0.0910772755742073,0.5824861526489258,0.0,74015.15503117954
152000,116736000,0.019132018089294434,0.021332070231437683,0.0009073984692804515,0.02486332319676876,0.06982364505529404,0.36063605546951294,0.0,74504.70278971363
153000,117504000,0.026052923873066902,0.029866408556699753,0.001235645147971809,0.025641996413469315,0.08717028051614761,0.5001679062843323,0.0,74994.87259951187
154000,118272000,0.024873705580830574,0.028057333081960678,0.001179716782644391,0.058258842676877975,0.06278669089078903,0.32845059037208557,0.0,75484.9013334047
155000,119040000,0.025765584781765938,0.02941763773560524,0.0012220171047374606,0.028600214049220085,0.0969308614730835,0.5355344414710999,0.0,75975.69227176858
156000,119808000,0.024428268894553185,0.028049930930137634,0.0011585905449464917,0.02329057827591896,0.0794781893491745,0.329207181930542,0.0,76465.59813681059
157000,120576000,0.02851809188723564,0.031174935400485992,0.0013525636168196797,0.030970575287938118,0.06924116611480713,0.5286256074905396,0.0,76955.39576334786
158000,121344000,0.030590858310461044,0.03483293950557709,0.0014508715830743313,0.030973905697464943,0.06660859286785126,0.3670389652252197,0.0,77444.98540610773
159000,122112000,0.020266471430659294,0.02521519735455513,0.0009612036519683897,0.018662652000784874,0.08520656824111938,0.6096336841583252,0.0,77934.36619806197
160000,122880000,0.032846350222826004,0.03651851415634155,0.0015578455058857799,0.032583087682724,0.06824080646038055,0.3549841642379761,0.0,78424.25105149578
161000,123648000,0.027949297800660133,0.03167581558227539,0.0013255869271233678,0.02681303583085537,0.09154049307107925,0.5442250370979309,0.0,78915.04196476797
162000,124416000,0.0382535457611084,0.039064060896635056,0.0018142994958907366,0.03921740502119064,0.0970611646771431,0.4272982180118561,0.0,79404.71012087865
163000,125184000,0.033582355827093124,0.03791716694831848,0.0015927531057968736,0.030079321935772896,0.0735408216714859,0.30493292212486267,0.0,79894.04280401161
164000,125952000,0.023148003965616226,0.02863721363246441,0.0010978697100654244,0.027024442330002785,0.07739898562431335,0.3825114071369171,0.0,80383.51768772956
165000,126720000,0.03579500690102577,0.03958748281002045,0.0016976953484117985,0.054121024906635284,0.09164650738239288,0.6718297004699707,0.0,80873.01010407368
166000,127488000,0.03043382242321968,0.038365982472896576,0.0014434235636144876,0.02655167505145073,0.06854566931724548,0.33051493763923645,0.0,81362.36384928692
167000,128256000,0.023092491552233696,0.025313615798950195,0.0010952368611469865,0.030709993094205856,0.0685758888721466,0.3392297625541687,0.0,81852.05526455399
168000,129024000,0.03221596032381058,0.034576382488012314,0.0015279472572728992,0.0532132051885128,0.08124390244483948,0.6920719146728516,0.0,82341.47407692997
169000,129792000,0.04104440286755562,0.04577893391251564,0.0019466648809611797,0.05393785983324051,0.07167185842990875,0.32621678709983826,0.0,82831.08266019169
170000,130560000,0.03542165830731392,0.04134277626872063,0.0016799879958853126,0.032553959637880325,0.06913047283887863,0.3974452614784241,0.0,83320.87604457792
171000,131328000,0.029597098007798195,0.03225044906139374,0.0014037392102181911,0.03508322313427925,0.07069460302591324,0.3199041783809662,0.0,83811.91704820655
172000,132096000,0.020657675340771675,0.02329290844500065,0.0009797577513381839,0.024368716403841972,0.07255857437849045,0.4071929454803467,0.0,84301.20879781991
173000,132864000,0.03361162543296814,0.03757157921791077,0.001594141242094338,0.04028347507119179,0.06261494010686874,0.410696417093277,0.0,84790.62962814188
174000,133632000,0.017717525362968445,0.020560765638947487,0.0008403116371482611,0.018241699784994125,0.07132522016763687,0.36924025416374207,0.0,85280.31467397185
175000,134400000,0.027617735788226128,0.03279227763414383,0.0013098614290356636,0.02455270104110241,0.06211501359939575,0.374213308095932,0.0,85769.60790513176
176000,135168000,0.01945328712463379,0.021859901025891304,0.0009226357215084136,0.02885984256863594,0.060302797704935074,0.3038996458053589,0.0,86259.97816792084
177000,135936000,0.026716448366642,0.029357217252254486,0.0012671148870140314,0.02948969416320324,0.07664647698402405,0.6405543088912964,0.0,86749.72410389083
178000,136704000,0.017892125993967056,0.02050052396953106,0.0008485925500281155,0.034562837332487106,0.06255137920379639,0.34454354643821716,0.0,87239.14861024776
179000,137472000,0.028378132730722427,0.02910267561674118,0.0013459257315844297,0.0426042303442955,0.06194796413183212,0.41985809803009033,0.0,87728.90941996267
180000,138240000,0.01818886771798134,0.021944137290120125,0.0008626665803603828,0.023667417466640472,0.0665859580039978,0.3483722507953644,0.0,88218.42727415496
181000,139008000,0.022014791145920753,0.02440277673304081,0.0010441234335303307,0.02260826714336872,0.059597305953502655,0.5135887861251831,0.0,88709.56325688586
182000,139776000,0.03625316917896271,0.040544480085372925,0.0017194250831380486,0.03594571352005005,0.0755016952753067,0.35000506043434143,0.0,89199.1255934746
183000,140544000,0.023571159690618515,0.02587040886282921,0.0011179393623024225,0.028874894604086876,0.08404804021120071,0.34704911708831787,0.0,89689.00717299292
184000,141312000,0.018588189035654068,0.02188640832901001,0.0008816057234071195,0.018689466640353203,0.0843469500541687,0.4454871714115143,0.0,90178.73765562568
185000,142080000,0.020665396004915237,0.02447184920310974,0.0009801239939406514,0.020819876343011856,0.07182689011096954,0.39135506749153137,0.0,90667.88378462894
186000,142848000,0.017282476648688316,0.0202191025018692,0.0008196780108846724,0.018990401178598404,0.07529434561729431,0.4656238555908203,0.0,91157.52444428299
187000,143616000,0.02354038506746292,0.02673548087477684,0.0011164797469973564,0.022830139845609665,0.06799956411123276,0.35902339220046997,0.0,91646.98137994064
188000,144384000,0.017051031813025475,0.020003288984298706,0.000808701035566628,0.02030857466161251,0.06798484176397324,0.5167731642723083,0.0,92136.68201836571
189000,145152000,0.02895171567797661,0.030739208683371544,0.0013731297804042697,0.028292100876569748,0.056631527841091156,0.30086860060691833,0.0,92626.71989537077
190000,145920000,0.020064352080225945,0.023685431107878685,0.0009516174322925508,0.01742216944694519,0.05611225217580795,0.349254846572876,0.0,93116.29220631486
191000,146688000,0.018705127760767937,0.022182974964380264,0.0008871518075466156,0.016555357724428177,0.0695212110877037,0.40847018361091614,0.0,93607.27321213763
192000,147456000,0.016150521114468575,0.01922781392931938,0.0007659912225790322,0.016771284863352776,0.06552187353372574,0.3680208623409271,0.0,94096.863473129
193000,148224000,0.017016198486089706,0.018870558589696884,0.000807048927526921,0.022456113249063492,0.058296725153923035,0.34001949429512024,0.0,94586.7179875127
194000,148992000,0.02341163158416748,0.02536391094326973,0.0011103732977062464,0.02533777616918087,0.05863846465945244,0.2914959192276001,0.0,95076.31273994595
195000,149760000,0.018441040068864822,0.02113332971930504,0.0008746266248635948,0.022566746920347214,0.06278996169567108,0.36310309171676636,0.0,95565.867507088
196000,150528000,0.0225476436316967,0.025971801951527596,0.0010693956864997745,0.022438813000917435,0.06056249886751175,0.40548765659332275,0.0,96055.48568988685
197000,151296000,0.020660094916820526,0.02278774045407772,0.0009798725368455052,0.02384253591299057,0.06588521599769592,0.3245869576931,0.0,96545.77750831656
198000,152064000,0.01826374977827072,0.020151333883404732,0.000866218120791018,0.018437664955854416,0.07308496534824371,0.366425096988678,0.0,97035.51399955899
199000,152832000,0.014996164478361607,0.017276868224143982,0.0007112421444617212,0.017606917768716812,0.04758289083838463,0.2417597770690918,0.0,97525.39038536698
200000,153600000,0.01720569096505642,0.020037522539496422,0.0008160361321642995,0.01602967642247677,0.053526539355516434,0.29732686281204224,0.0,98014.63046163088
201000,154368000,0.014737718738615513,0.01680348627269268,0.0006989844841882586,0.014835715293884277,0.05463245138525963,0.2992653250694275,0.0,98506.54482123256
202000,155136000,0.017186835408210754,0.021092429757118225,0.000815141829662025,0.014587546698749065,0.06178666278719902,0.35593080520629883,0.0,98996.15904367389
203000,155904000,0.013707873411476612,0.016456669196486473,0.0006501407478936017,0.013881100341677666,0.0659305676817894,0.3670184314250946,0.0,99486.33925486496
204000,156672000,0.01860613003373146,0.021298866719007492,0.0008824566029943526,0.021137505769729614,0.06323421001434326,0.329431414604187,0.0,99976.16686482262
205000,157440000,0.02063145488500595,0.021954378113150597,0.0009785143192857504,0.022891726344823837,0.04611246660351753,0.2754596769809723,0.0,100465.93715703255
206000,158208000,0.02383505180478096,0.025202926248311996,0.0011304552899673581,0.03174120560288429,0.042588867247104645,0.28753089904785156,0.0,100955.50815747492
207000,158976000,0.01779758743941784,0.020709777250885963,0.0008441087557002902,0.02664193883538246,0.055285703390836716,0.3031189441680908,0.0,101444.74313007668
208000,159744000,0.019794637337327003,0.022132838144898415,0.0009388254256919026,0.02087688073515892,0.04955174773931503,0.23685456812381744,0.0,101934.45890987059
209000,160512000,0.023702871054410934,0.026604417711496353,0.001124186092056334,0.02655915729701519,0.04186369851231575,0.22833551466464996,0.0,102423.95305375382
210000,161280000,0.021452097222208977,0.023477807641029358,0.0010174359194934368,0.019191600382328033,0.04235927760601044,0.21222496032714844,0.0,102913.5219283048
211000,162048000,0.01725095696747303,0.02066422440111637,0.0008181830053217709,0.017553461715579033,0.052034277468919754,0.29095813632011414,0.0,103404.9429936586
212000,162816000,0.021852176636457443,0.024914255365729332,0.0010364109184592962,0.025062663480639458,0.05919786915183067,0.3609883189201355,0.0,103894.49533162266
213000,163584000,0.018044695258140564,0.020982664078474045,0.0008558285771869123,0.016985328868031502,0.04759037867188454,0.2888771891593933,0.0,104383.88274318259
214000,164352000,0.01888156309723854,0.022088581696152687,0.0008955198572948575,0.0171731635928154,0.046980004757642746,0.25341880321502686,0.0,104872.88483633567
215000,165120000,0.014588459394872189,0.01682557351887226,0.0006919053848832846,0.018977858126163483,0.06130041927099228,0.32685405015945435,0.0,105362.19138566172
216000,165888000,0.015786468982696533,0.018197668716311455,0.0007487249677069485,0.014526477083563805,0.04043714329600334,0.2522623538970947,0.0,105851.2617702079
217000,166656000,0.014088246040046215,0.016652649268507957,0.0006681811064481735,0.012516215443611145,0.04424447938799858,0.279625803232193,0.0,106340.53970537055
218000,167424000,0.017393654212355614,0.0202852264046669,0.0008249509846791625,0.013582848012447357,0.05192047730088234,0.34315159916877747,0.0,106829.6911033839
219000,168192000,0.015114791691303253,0.017599690705537796,0.000716868438757956,0.013288488611578941,0.0449281744658947,0.24482093751430511,0.0,107319.32342452276
220000,168960000,0.02198830619454384,0.02477596141397953,0.001042867312207818,0.020930510014295578,0.04872286319732666,0.26818129420280457,0.0,107808.48893687874
221000,169728000,0.01175073254853487,0.013952524401247501,0.0005573169328272343,0.01009222399443388,0.0358816422522068,0.22619351744651794,0.0,108300.30320767174
222000,170496000,0.018688693642616272,0.02104826457798481,0.0008863724651746452,0.01848536916077137,0.04978402704000473,0.24393720924854279,0.0,108789.25155791687
223000,171264000,0.013774992898106575,0.016348417848348618,0.0006533240666612983,0.012676522135734558,0.045193932950496674,0.24833950400352478,0.0,109278.06339875655
224000,172032000,0.017832856625318527,0.020771106705069542,0.0008457815274596214,0.014183850958943367,0.0361083447933197,0.19566820561885834,0.0,109768.0872346824
225000,172800000,0.014517897740006447,0.017076274380087852,0.0006885588518343866,0.011851700022816658,0.04716699942946434,0.34172680974006653,0.0,110258.44597689994
226000,173568000,0.012460247613489628,0.014537373557686806,0.000590968003962189,0.010992689989507198,0.03644566982984543,0.1912064105272293,0.0,110747.9906753907
227000,174336000,0.015670225024223328,0.017875613644719124,0.0007432117126882076,0.018580909818410873,0.03574753180146217,0.17094087600708008,0.0,111237.8633537544
228000,175104000,0.019316377118229866,0.021873585879802704,0.0009161423658952117,0.016605334356427193,0.035879574716091156,0.1950838714838028,0.0,111728.06086336542
229000,175872000,0.01926938258111477,0.02250841073691845,0.0009139134781435132,0.018874598667025566,0.04195109009742737,0.24415917694568634,0.0,112218.33200200461
230000,176640000,0.014013856649398804,0.01672736555337906,0.0006646529654972255,0.01665528677403927,0.037725452333688736,0.3053900897502899,0.0,112708.14522706438
231000,177408000,0.016476906836032867,0.017880376428365707,0.0007814711425453424,0.018516985699534416,0.03618491813540459,0.20409460365772247,0.0,113199.09567142744
232000,178176000,0.01667078398168087,0.018375592306256294,0.0007906663813628256,0.016653859987854958,0.03827623650431633,0.2242097705602646,0.0,113688.92610631604
233000,178944000,0.01375571545213461,0.01654307171702385,0.0006524097989313304,0.01013210043311119,0.03395646810531616,0.18652036786079407,0.0,114178.87384895794
234000,179712000,0.017652012407779694,0.020588316023349762,0.0008372044540010393,0.019503604620695114,0.030440745875239372,0.1941470205783844,0.0,114669.03977474291
235000,180480000,0.015216236002743244,0.017260471358895302,0.0007216797675937414,0.01408816035836935,0.03385499492287636,0.2320813685655594,0.0,115158.79965573549
236000,181248000,0.013768629170954227,0.01618645340204239,0.000653022259939462,0.012021348811686039,0.03223945200443268,0.2206910252571106,0.0,115648.02059076261
237000,182016000,0.015821825712919235,0.018278177827596664,0.0007504018722102046,0.020394470542669296,0.03242695331573486,0.23741355538368225,0.0,116138.27805575822
238000,182784000,0.012104199267923832,0.014175601303577423,0.0005740812048316002,0.011884051375091076,0.03386538475751877,0.2706170976161957,0.0,116628.15211492963
239000,183552000,0.016120390966534615,0.01748470962047577,0.0007645622827112675,0.017285311594605446,0.03750985860824585,0.2681902050971985,0.0,117117.39522205573
240000,184320000,0.015368636697530746,0.017456090077757835,0.000728907878510654,0.014784074388444424,0.034948237240314484,0.20226043462753296,0.0,117606.67548140977
241000,185088000,0.012825677171349525,0.015093749389052391,0.0006082996842451394,0.011298121884465218,0.03557274490594864,0.18783225119113922,0.0,118097.85934522096
242000,185856000,0.014554179273545742,0.016703855246305466,0.0006902795867063105,0.014185148291289806,0.033809635788202286,0.19112735986709595,0.0,118587.52945477236
243000,186624000,0.01343011949211359,0.01548321545124054,0.0006369673646986485,0.012399699538946152,0.032381318509578705,0.19572541117668152,0.0,119077.66508077737
244000,187392000,0.015149788931012154,0.01675797998905182,0.0007185283466242254,0.015814291313290596,0.030725160613656044,0.17589642107486725,0.0,119568.09456659947
245000,188160000,0.015309344045817852,0.017519986256957054,0.0007260956917889416,0.014507836662232876,0.034255899488925934,0.20901599526405334,0.0,120057.50422669481
246000,188928000,0.014196778647601604,0.016236504539847374,0.0006733286427333951,0.01151359360665083,0.03170543909072876,0.1979694366455078,0.0,120547.22341802064
247000,189696000,0.014780333265662193,0.01684202067553997,0.000701005628798157,0.014091295190155506,0.03593048080801964,0.21878986060619354,0.0,121036.56805326883
248000,190464000,0.01407827902585268,0.016203314065933228,0.0006677084020338953,0.012293953448534012,0.03141293674707413,0.1677657961845398,0.0,121526.37909026537
249000,191232000,0.016275504603981972,0.01875784993171692,0.0007719190325587988,0.01580827869474888,0.030271681025624275,0.17809845507144928,0.0,122015.95532545913
250000,192000000,0.014871183782815933,0.017394457012414932,0.0007053145673125982,0.014274113811552525,0.032743312418460846,0.18006812036037445,0.0,122505.69974219799
251000,192768000,0.013070791028439999,0.01505847554653883,0.000619924976490438,0.013951468281447887,0.034452781081199646,0.21234074234962463,0.0,122996.9733816199
252000,193536000,0.013129334896802902,0.015601124614477158,0.0006227015983313322,0.010938670486211777,0.03353915736079216,0.23318397998809814,0.0,123486.81126067694
253000,194304000,0.013709760271012783,0.015879981219768524,0.0006502302130684257,0.013248871080577374,0.026968572288751602,0.14620429277420044,0.0,123976.28599902336
254000,195072000,0.013698079623281956,0.015745984390378,0.0006496762507595122,0.01193268597126007,0.03243173658847809,0.19930197298526764,0.0,124465.40638664458
255000,195840000,0.013414977118372917,0.015520665794610977,0.0006362491403706372,0.013213579542934895,0.03094341605901718,0.20319081842899323,0.0,124955.8430122491
256000,196608000,0.01309545710682869,0.015096839517354965,0.0006210948340594769,0.010370840318500996,0.03160012140870094,0.24056728184223175,0.0,125446.06331468187
257000,197376000,0.013319780118763447,0.015406014397740364,0.0006317342049442232,0.011773915030062199,0.029435135424137115,0.19355694949626923,0.0,125935.80333403498
258000,198144000,0.013009033165872097,0.014967674389481544,0.0006169959669932723,0.01229442935436964,0.02766205556690693,0.14867232739925385,0.0,126425.56598578114
259000,198912000,0.01302380207926035,0.014976263046264648,0.0006176963797770441,0.012455925345420837,0.02784997969865799,0.17745062708854675,0.0,126915.07841581292
260000,199680000,0.01493185292929411,0.01718255691230297,0.0007081919466145337,0.013030199334025383,0.02639196626842022,0.1821766048669815,0.0,127404.67711806484
261000,200448000,0.013949562795460224,0.016037117689847946,0.0006616036407649517,0.011848261579871178,0.02775699645280838,0.17048685252666473,0.0,127896.08766302932
262000,201216000,0.013669831678271294,0.01586051657795906,0.000648336426820606,0.011323725804686546,0.026485495269298553,0.18512187898159027,0.0,128386.07455851696
263000,201984000,0.013803279027342796,0.016055386513471603,0.0006546656368300319,0.01245475746691227,0.02697708085179329,0.17083600163459778,0.0,128876.60660063475
264000,202752000,0.013027551583945751,0.015155729837715626,0.0006178742041811347,0.011090218089520931,0.028113478794693947,0.1851019561290741,0.0,129366.53428482078
265000,203520000,0.01329873502254486,0.015426469035446644,0.0006307360017672181,0.01100726518779993,0.027839038521051407,0.18848231434822083,0.0,129856.26131464634
266000,204288000,0.012261629104614258,0.014288163743913174,0.0005815477925352752,0.01060806680470705,0.027516935020685196,0.17155277729034424,0.0,130345.88037101366
267000,205056000,0.014079193584620953,0.016391025856137276,0.0006677517667412758,0.013280357234179974,0.027600545436143875,0.21181434392929077,0.0,130835.55490992311
268000,205824000,0.012817447073757648,0.014702504500746727,0.0006079093436710536,0.011641094461083412,0.027774889022111893,0.17895247042179108,0.0,131326.17465161067
269000,206592000,0.012860214337706566,0.014805400744080544,0.0006099377060309052,0.011795972473919392,0.02663055807352066,0.17974597215652466,0.0,131816.11394166388
270000,207360000,0.012905958108603954,0.014852204360067844,0.0006121073383837938,0.011827674694359303,0.027746926993131638,0.18349988758563995,0.0,132306.0080404738
271000,208128000,0.012160594575107098,0.014075812883675098,0.0005767560214735568,0.010218167677521706,0.027858149260282516,0.2084576040506363,0.0,132797.7644386338
272000,208896000,0.013360858894884586,0.015305660665035248,0.0006336824735626578,0.012758718803524971,0.026076050475239754,0.15087392926216125,0.0,133288.05705948174
273000,209664000,0.01284046471118927,0.014862221665680408,0.0006090010283514857,0.012074719183146954,0.027992403134703636,0.20890933275222778,0.0,133778.26120807044
274000,210432000,0.012438788078725338,0.01436022762209177,0.0005899501848034561,0.011134939268231392,0.026394901797175407,0.15802808105945587,0.0,134268.23055244982
275000,211200000,0.012631750665605068,0.014654114842414856,0.0005991020589135587,0.01012643426656723,0.025374731048941612,0.16764456033706665,0.0,134758.06990229152
276000,211968000,0.01233157142996788,0.014285892248153687,0.0005848651635460556,0.01093741599470377,0.025683974847197533,0.15995533764362335,0.0,135247.41825266648
277000,212736000,0.013415241613984108,0.015523146837949753,0.0006362617132253945,0.01169251836836338,0.02638986147940159,0.17170098423957825,0.0,135736.8469404634
278000,213504000,0.012213282287120819,0.01407552883028984,0.000579254818148911,0.010679645463824272,0.025103967636823654,0.16391626000404358,0.0,136226.82204117905
279000,214272000,0.012554086744785309,0.014487444423139095,0.0005954185617156327,0.011339554563164711,0.025523150339722633,0.14504337310791016,0.0,136716.751810194
280000,215040000,0.012785421684384346,0.014769528061151505,0.0006063904147595167,0.011224379763007164,0.025099901482462883,0.16224434971809387,0.0,137206.5070695849
281000,215808000,0.013029122725129128,0.015047377906739712,0.0006179487681947649,0.011738579720258713,0.0248611718416214,0.14166371524333954,0.0,137698.5667269649
282000,216576000,0.012793242931365967,0.014696627855300903,0.0006067613721825182,0.011456114239990711,0.02659102901816368,0.16822688281536102,0.0,138188.9053083891
283000,217344000,0.012732749804854393,0.014657534658908844,0.0006038923165760934,0.01162630319595337,0.02505584806203842,0.1710936427116394,0.0,138678.88879448362
284000,218112000,0.013039592653512955,0.01504270639270544,0.0006184453377500176,0.012137431651353836,0.025891689583659172,0.15527135133743286,0.0,139168.93899000157
285000,218880000,0.012266614474356174,0.014230022206902504,0.0005817842902615666,0.010841228067874908,0.025181392207741737,0.15701909363269806,0.0,139658.04182219412
286000,219648000,0.012132715433835983,0.014049354009330273,0.0005754337180405855,0.011062927544116974,0.024945301935076714,0.15237782895565033,0.0,140147.23365094606
287000,220416000,0.012611289508640766,0.014553300105035305,0.0005981316207908094,0.011506716720759869,0.02479027584195137,0.16507726907730103,0.0,140636.49995099474
288000,221184000,0.013184473849833012,0.015110146254301071,0.0006253168103285134,0.012005259282886982,0.0249649491161108,0.1512174904346466,0.0,141125.85613474902
289000,221952000,0.012719238176941872,0.014651111327111721,0.0006032514502294362,0.011077935807406902,0.02518681436777115,0.16796691715717316,0.0,141615.63766690996
290000,222720000,0.012570192106068134,0.01453099213540554,0.0005961824208498001,0.011131003499031067,0.024876931682229042,0.15806785225868225,0.0,142104.58659712318
291000,223488000,0.012681619264185429,0.014709512703120708,0.0006014672690071166,0.011025473475456238,0.024862518534064293,0.14814426004886627,0.0,142595.6031683497
292000,224256000,0.012879423797130585,0.014866823330521584,0.0006108487723395228,0.011594081297516823,0.024910395964980125,0.16207505762577057,0.0,143085.55071479548
293000,225024000,0.012611918151378632,0.01453984621912241,0.000598161481320858,0.011390503495931625,0.02492409385740757,0.15436342358589172,0.0,143575.2966595022
294000,225792000,0.012661865912377834,0.014624734409153461,0.0006005304167047143,0.011445647105574608,0.024931184947490692,0.14754432439804077,0.0,144064.64545721002
295000,226560000,0.012513166293501854,0.014465834945440292,0.0005934778600931168,0.011221871711313725,0.024445002898573875,0.15176157653331757,0.0,144554.0704884678
296000,227328000,0.012421220541000366,0.014365159906446934,0.0005891170003451407,0.011071966961026192,0.024427402764558792,0.15048253536224365,0.0,145044.13230280112
297000,228096000,0.012647324241697788,0.014570693485438824,0.0005998406559228897,0.011457454413175583,0.02509297803044319,0.15802159905433655,0.0,145533.94304151274
298000,228864000,0.012395310215651989,0.014345812611281872,0.0005878880620002747,0.011222909204661846,0.02520226500928402,0.15728163719177246,0.0,146024.16602696106
299000,229632000,0.012498189695179462,0.014400040730834007,0.0005927674937993288,0.011152931489050388,0.025139885023236275,0.16085156798362732,0.0,146513.6745467577
300000,230400000,0.012610365636646748,0.014551813714206219,0.0005980878486298025,0.011437343433499336,0.024808460846543312,0.16005471348762512,0.0,147003.0636294335
