step,samples_seen,train_latent_mse,eval_latent_mse,eval_latent_relative_l2,eval_physical_relative_l2,elapsed_seconds
1,640,0.0011572964722290635,0.4048277735710144,2.963066816329956,3.2544541358947754,77.29899395629764
500,320000,0.0012183744693174958,0.0005158063140697777,0.119113028049469,0.10054227709770203,442.0419675009325
1000,640000,0.0010597038781270385,0.0008935175137594342,0.12350039929151535,0.08254484832286835,798.7883274164051
1500,960000,0.0011406162520870566,0.0006291323807090521,0.11566964536905289,0.08550205081701279,1156.8056458178908
2000,1280000,0.0006464125472120941,0.0006709980079904199,0.11207170784473419,0.09022009372711182,1513.7422898290679
2500,1600000,0.0007516586338169873,0.001047094352543354,0.14940932393074036,0.11563555151224136,1871.2323268698528
3000,1920000,0.0010540346847847104,0.004214375279843807,0.19740580022335052,0.1833573579788208,2227.9341823086143
3500,2240000,0.0005122559377923608,0.0003671000595204532,0.08535131812095642,0.050268515944480896,2585.589505107142
4000,2560000,0.0004312593664508313,0.000365225481800735,0.09906122833490372,0.062262650579214096,2941.908031139523
4500,2880000,0.0004005814844276756,0.0002840033848769963,0.07869964838027954,0.051523227244615555,3299.0525191249326
5000,3200000,0.0004075405595358461,0.0004250468919053674,0.09223875403404236,0.06698957085609436,3655.8821890838444
5500,3520000,0.0004196354711893946,0.000811817473731935,0.09539291262626648,0.047411948442459106,4012.4814796131104
6000,3840000,0.0002431852335575968,0.0003924997290596366,0.07666647434234619,0.053866416215896606,4368.631406399421
6500,4160000,0.0003160557826049626,0.0003342613345012069,0.08044077455997467,0.06296093016862869,4725.641071237624
7000,4480000,0.0002343884261790663,0.00021218342590145767,0.06627686321735382,0.05293583869934082,5082.760673625395
7500,4800000,0.0005986708565615118,0.0009065511985681951,0.13919970393180847,0.10452461242675781,5439.206077482551
8000,5120000,0.0003097481094300747,0.00020005232363473624,0.07655549049377441,0.049726702272892,5794.163987833075
8500,5440000,0.0002530923520680517,0.0002494799846317619,0.07035048305988312,0.05095626041293144,6150.57378686592
9000,5760000,0.0002825311094056815,0.0002392657770542428,0.06280244886875153,0.0396498441696167,6506.25766335614
9500,6080000,0.00036174419801682234,0.00036155106499791145,0.08806172013282776,0.07071758806705475,6862.860474064946
10000,6400000,0.0002807345299515873,0.000246228592004627,0.06806729733943939,0.050114165991544724,7218.31378185004
10500,6720000,0.00019737333059310913,0.00013740381109528244,0.05524789169430733,0.03745346516370773,7574.876056726091
11000,7040000,0.0011061852565035224,0.002568211406469345,0.19210785627365112,0.14084956049919128,7930.005980370566
11500,7360000,0.0006424703169614077,0.00031036132713779807,0.07542268931865692,0.05196062847971916,8286.221390420571
12000,7680000,0.0004210263432469219,0.00036647135857492685,0.08166861534118652,0.05695948004722595,8642.197521561757
12500,8000000,0.0004736798000521958,0.0004777578287757933,0.09852935373783112,0.07849539816379547,8998.556333927438
13000,8320000,0.0007019451586529613,0.00031975339516066015,0.0924844816327095,0.06716378778219223,9354.332398217171
13500,8640000,0.0003315594221930951,0.00028500478947535157,0.07813625037670135,0.055300723761320114,9711.846152309328
14000,8960000,0.00028564405511133373,0.0001165090361610055,0.05202442407608032,0.03129537031054497,10068.582889054902
14500,9280000,0.00024782191030681133,8.973707736004144e-05,0.046477023512125015,0.02515013888478279,10424.618333495222
15000,9600000,0.00021976062271278352,0.00021830538753420115,0.0713455006480217,0.04427127540111542,10779.51567729842
15500,9920000,0.00023057601356413215,0.0004995904164388776,0.08438222110271454,0.05043522268533707,11135.957137052901
16000,10240000,0.000422813551267609,0.0002698187017813325,0.07368393242359161,0.043502479791641235,11491.851238096133
16500,10560000,0.00021503613970708102,0.00011770011769840494,0.055063940584659576,0.03172006458044052,11848.148428498767
17000,10880000,0.0002078827965306118,0.00014319922775030136,0.05435080826282501,0.03054770827293396,12203.752488981001
17500,11200000,0.00019149805302731693,0.00020031846361234784,0.06349663436412811,0.04829249531030655,12560.188596338034
18000,11520000,0.00030600413447245955,0.00024948129430413246,0.07653188705444336,0.04814303293824196,12915.689924945123
18500,11840000,0.00020945850701536983,0.00014544806617777795,0.05826486274600029,0.03307279571890831,13271.728672659025
19000,12160000,0.00017042056424543262,0.0001971136953216046,0.057927973568439484,0.043157946318387985,13627.56887343619
19500,12480000,0.00017606357869226485,0.00016793653776403517,0.05406288057565689,0.03247755020856857,13983.829302659258
20000,12800000,0.00022966389951761812,0.00017040446982719004,0.061371177434921265,0.041446033865213394,14339.067865589634
20500,13120000,0.000492946186568588,0.0003365460433997214,0.08854701370000839,0.05493300035595894,14696.013199657202
21000,13440000,0.0004898202023468912,0.00034594043972902,0.09295754879713058,0.06457200646400452,15052.315526578575
21500,13760000,0.00015708366117905825,8.439828525297344e-05,0.04856470227241516,0.03100718930363655,15408.83110698592
22000,14080000,0.0001591662730788812,6.108997331466526e-05,0.03349081799387932,0.021977009251713753,15764.018454845995
22500,14400000,0.00017589023627806455,0.0003966707445215434,0.07577283680438995,0.050126973539590836,16120.3955957219
23000,14720000,0.00023740611504763365,0.00032716465648263693,0.06711030751466751,0.04439279064536095,16475.806383688003
23500,15040000,0.00015734267071820796,0.000135808193590492,0.048860102891922,0.0345611646771431,16832.076927829534
24000,15360000,0.0007366880308836699,0.0006263601244427264,0.11575256288051605,0.08105066418647766,17188.200006581843
24500,15680000,0.0002311223652213812,0.00010827350342879072,0.050268519669771194,0.027362748980522156,17544.4400150422
25000,16000000,0.0001495937176514417,0.00010725215543061495,0.049207013100385666,0.034265629947185516,17899.6472670706
25500,16320000,0.0001402172929374501,9.494760888628662e-05,0.04952903091907501,0.03027537651360035,18255.921446386725
26000,16640000,0.00013257889077067375,0.00013075326569378376,0.04729769378900528,0.030792517587542534,18611.69657489471
26500,16960000,0.00012342336412984878,0.00015812322089914232,0.05755182355642319,0.039574846625328064,18968.669622358866
27000,17280000,0.00012828320905100554,0.0002254950231872499,0.05499448627233505,0.043328531086444855,19324.751564028673
27500,17600000,0.00012560859613586217,0.0002214371634181589,0.06260054558515549,0.044374480843544006,19682.020633948967
28000,17920000,0.00011681199976010248,0.00011834554607048631,0.04523565247654915,0.026241278275847435,20038.191676124
28500,18240000,0.00014943466521799564,8.70635049068369e-05,0.047928404062986374,0.03853314369916916,20394.80465828441
29000,18560000,0.0001300621806876734,8.820970833767205e-05,0.03464430198073387,0.02138812653720379,20750.16971613746
29500,18880000,0.0001467139954911545,0.0002605645568110049,0.06895603239536285,0.04984326288104057,21106.50670732092
30000,19200000,0.00025038313469849527,0.00022568587155546993,0.0696488469839096,0.053773410618305206,21462.12352555152
30500,19520000,0.0001726973132463172,8.388575224671513e-05,0.040319301187992096,0.025663603097200394,21818.85589164961
31000,19840000,8.880902169039473e-05,0.00017007486894726753,0.04357409477233887,0.027269259095191956,22174.38654050976
31500,20160000,9.163495997199789e-05,7.40664909244515e-05,0.03918220102787018,0.023635612800717354,22530.647632132284
32000,20480000,0.00031886782380752265,0.00025473907589912415,0.06563097983598709,0.048116285353899,22886.21132525988
32500,20800000,0.00012791299377568066,0.00012763951963279396,0.05068213492631912,0.03466502204537392,23242.584934888408
33000,21120000,0.00013351382222026587,0.0005028618616051972,0.07698173075914383,0.059235405176877975,23598.310743173584
33500,21440000,0.00011044276470784098,0.0001140653039328754,0.04360571503639221,0.028507672250270844,23955.605916451663
34000,21760000,0.00010821616888279095,0.00012983304623048753,0.05373662710189819,0.03626231476664543,24312.392244477756
34500,22080000,0.0001349861267954111,0.0001485199754824862,0.05540858209133148,0.03800424933433533,24669.720220129006
35000,22400000,0.00013101119839120656,0.00010386834037490189,0.044716253876686096,0.02801520749926567,25026.652601056732
35500,22720000,0.00011815843026852235,0.00011019612429663539,0.05412990599870682,0.05041138455271721,25383.320106541738
36000,23040000,8.506219455739483e-05,0.00011846745474031195,0.03797061741352081,0.029534507542848587,25738.673033947125
36500,23360000,0.00024323188699781895,0.00013245850277598947,0.056767288595438004,0.04241371154785156,26095.698482904583
37000,23680000,0.00020952080376446247,0.00015339342644438148,0.05676659941673279,0.04210049659013748,26450.923563260585
37500,24000000,8.861903188517317e-05,3.070355160161853e-05,0.02852029912173748,0.019588422030210495,26807.103765147738
38000,24320000,8.660859748488292e-05,6.602110806852579e-05,0.041532307863235474,0.029523003846406937,27162.587409452535
38500,24640000,7.377874135272577e-05,6.347335147438571e-05,0.038147784769535065,0.030418822541832924,27518.898556246422
39000,24960000,0.00010071219730889425,6.193982699187472e-05,0.03579727187752724,0.024400845170021057,27874.94852124434
39500,25280000,8.468081068713218e-05,5.374263855628669e-05,0.03377700224518776,0.026958027854561806,28231.078143234365
40000,25600000,0.00011593860108405352,8.606776827946305e-05,0.04097795486450195,0.030423935502767563,28587.10169675015
40500,25920000,0.00018539039592724293,0.00013743891031481326,0.04921029508113861,0.0324755534529686,28944.239873912185
41000,26240000,0.0001653368235565722,6.526701326947659e-05,0.040917571634054184,0.03496433421969414,29300.145965985022
41500,26560000,7.962506060721353e-05,5.931047417107038e-05,0.03804420679807663,0.02537708170711994,29658.324565229006
42000,26880000,0.0002039612299995497,0.00016927174874581397,0.06418410688638687,0.044229812920093536,30015.37557598576
42500,27200000,7.875465234974399e-05,0.00010675692465156317,0.04317251220345497,0.03403228521347046,30371.89794530347
43000,27520000,6.004450915497728e-05,0.00012964647612534463,0.04644390940666199,0.03557950630784035,30727.38631249033
43500,27840000,6.998143362579867e-05,9.68582826317288e-05,0.04540931433439255,0.03290539234876633,31083.61751779355
44000,28160000,7.151459431042895e-05,0.00010474146256456152,0.04269547760486603,0.026849646121263504,31439.297415641136
44500,28480000,9.079562005354092e-05,3.9653925341553986e-05,0.03156127780675888,0.022098544985055923,31795.56188085489
45000,28800000,6.038623541826382e-05,5.440813765744679e-05,0.03249873220920563,0.01996038854122162,32150.704122684896
45500,29120000,0.00019827228970825672,0.000255987630225718,0.07138848304748535,0.04820193722844124,32507.083636644296
46000,29440000,6.669366121059284e-05,4.216750676278025e-05,0.03673672676086426,0.019744211807847023,32862.636554561555
46500,29760000,0.00010200688120676205,0.000134103320306167,0.044531334191560745,0.030205434188246727,33219.12848605495
47000,30080000,0.00011509676551213488,0.00014378255582414567,0.05948163568973541,0.04247286170721054,33574.68840767536
47500,30400000,7.246870518429205e-05,4.639151302399114e-05,0.035077303647994995,0.025626108050346375,33930.61452649813
48000,30720000,7.019866461632773e-05,6.0556292737601325e-05,0.03197284787893295,0.01971147395670414,34285.987690317445
48500,31040000,5.630782834487036e-05,9.116676665144041e-05,0.0388236902654171,0.02989525906741619,34643.36231577862
49000,31360000,0.00016205805877689272,0.00014086923329159617,0.051566269248723984,0.034386444836854935,34999.42972896248
49500,31680000,6.392636714736e-05,7.585207640659064e-05,0.03226820379495621,0.02405494824051857,35355.83931026142
50000,32000000,5.189807416172698e-05,6.973230483708903e-05,0.03852907195687294,0.02754267118871212,35711.25813258067
50500,32320000,6.863762246211991e-05,7.748763891868293e-05,0.03402690589427948,0.02973962016403675,36067.50806423742
51000,32640000,0.006818808149546385,0.006697977427393198,0.3385925590991974,0.27464985847473145,36423.07705547754
51500,32960000,0.00013581589155364782,0.00017261152970604599,0.053651873022317886,0.03524260222911835,36779.04543867707
52000,33280000,0.00015244659152813256,0.00017424553516320884,0.05904669314622879,0.04365960881114006,37134.31912475545
52500,33600000,9.910118387779221e-05,4.714983151643537e-05,0.037987809628248215,0.02908071130514145,37489.93753454927
53000,33920000,7.805475615896285e-05,5.462579429149628e-05,0.034144043922424316,0.020139630883932114,37845.70076479297
53500,34240000,7.897186878835782e-05,7.445455412380397e-05,0.03990526869893074,0.031525470316410065,38202.037851345725
54000,34560000,9.125360520556569e-05,0.00023077955120243132,0.06125297397375107,0.04359428584575653,38557.417018344626
54500,34880000,5.6588447478134185e-05,6.800545088481158e-05,0.0382673554122448,0.02954976074397564,38913.831972961314
55000,35200000,7.816767174517736e-05,7.327749335672706e-05,0.03165765851736069,0.022547833621501923,39269.79067529831
55500,35520000,0.000100507284514606,6.91791792633012e-05,0.03704385459423065,0.027059102430939674,39626.054640190676
56000,35840000,6.922992906766012e-05,5.289904584060423e-05,0.03225839138031006,0.02096536196768284,39981.82176762819
56500,36160000,6.683720857836306e-05,4.97960027132649e-05,0.03327236697077751,0.024503381922841072,40338.73466880992
57000,36480000,5.44231734238565e-05,0.00023305797367356718,0.04615763947367668,0.028545789420604706,40694.75191755593
57500,36800000,8.854782208800316e-05,4.508157871896401e-05,0.035681892186403275,0.022329282015562057,41051.16866657324
58000,37120000,6.017318446538411e-05,0.00010556812048889697,0.04030422121286392,0.028267934918403625,41407.22376204468
58500,37440000,6.823561852797866e-05,9.1778754722327e-05,0.04022383689880371,0.023604853078722954,41763.894375806674
59000,37760000,5.7996647228719667e-05,4.819946479983628e-05,0.03214503079652786,0.020698990672826767,42119.55767564848
59500,38080000,6.203319935593754e-05,5.374231841415167e-05,0.0350540466606617,0.02443852089345455,42476.083200731315
60000,38400000,6.60591758787632e-05,0.000135524504003115,0.043449439108371735,0.03286083787679672,42831.700443854555
60500,38720000,9.38353841775097e-05,7.80934642534703e-05,0.04213235527276993,0.026536133140325546,43188.49392519146
61000,39040000,8.633970719529316e-05,0.00013628636952489614,0.051257483661174774,0.03302951157093048,43544.51343439147
61500,39360000,6.004896931699477e-05,3.515971184242517e-05,0.029073189944028854,0.01671091467142105,43900.64755094331
62000,39680000,6.208944978425279e-05,2.568756099208258e-05,0.023455221205949783,0.01475071907043457,44256.168444443494
62500,40000000,6.420823046937585e-05,7.176505459938198e-05,0.03655145689845085,0.025632213801145554,44613.111957414076
63000,40320000,6.499313894892111e-05,7.050640851957723e-05,0.04038112238049507,0.026248538866639137,44968.80552857835
63500,40640000,5.085427619633265e-05,8.420816448051482e-05,0.041474029421806335,0.028029704466462135,45325.1552415723
64000,40960000,0.00024173036217689514,0.00018457465921528637,0.06578395515680313,0.04731215909123421,45680.44008735474
64500,41280000,5.2049803343834355e-05,3.0482498914352618e-05,0.025906424969434738,0.015085105784237385,46036.340879254974
65000,41600000,5.064573997515254e-05,4.461035132408142e-05,0.03213777765631676,0.020314283668994904,46391.96816112567
65500,41920000,5.585666440310888e-05,4.928925773128867e-05,0.032790735363960266,0.021878812462091446,46748.97601533495
66000,42240000,0.0001875689922599122,0.0001931273436639458,0.05941642448306084,0.037302762269973755,47104.35604856908
66500,42560000,0.00014247799117583781,4.4102031097281724e-05,0.028655465692281723,0.020921040326356888,47460.7995678056
67000,42880000,8.497625822201371e-05,6.710158777423203e-05,0.03699776530265808,0.02412126399576664,47815.779936233535
67500,43200000,5.235906064626761e-05,3.850635766866617e-05,0.02787128835916519,0.02265276573598385,48171.995953410864
68000,43520000,6.905595364514738e-05,3.638474299805239e-05,0.025542300194501877,0.01736549101769924,48527.69899670221
68500,43840000,0.00012883140880148858,0.00014739199832547456,0.04211711138486862,0.030625898391008377,48884.22827334609
69000,44160000,5.8951813116436824e-05,4.075135802850127e-05,0.025143492966890335,0.016006842255592346,49239.816400197335
69500,44480000,9.135824075201526e-05,4.628289025276899e-05,0.02901916205883026,0.018426991999149323,49595.46750937868
70000,44800000,8.822375821182504e-05,7.750489021418616e-05,0.03756599873304367,0.029073338955640793,49950.76130100619
70500,45120000,7.135862688301131e-05,6.49383437121287e-05,0.030377525836229324,0.020518459379673004,50307.89733478241
71000,45440000,5.565023093367927e-05,6.467370258178562e-05,0.03262561932206154,0.021935012191534042,50663.447167150676
71500,45760000,5.5531098041683435e-05,3.09591596305836e-05,0.025600865483283997,0.020056521520018578,51019.43507838901
72000,46080000,3.880871008732356e-05,3.184357046848163e-05,0.025392606854438782,0.015772134065628052,51375.08865461033
72500,46400000,6.0520203987834975e-05,7.290340727195144e-05,0.03213238716125488,0.019018933176994324,51731.20203749742
73000,46720000,0.00010295261017745361,8.461029938189313e-05,0.03816903382539749,0.02704257145524025,52086.66578150168
73500,47040000,5.1648228691192344e-05,4.599447129294276e-05,0.03126637637615204,0.020270273089408875,52442.54374517128
74000,47360000,5.312195935402997e-05,3.879255382344127e-05,0.0269152969121933,0.018231693655252457,52798.25769426301
74500,47680000,4.34060457337182e-05,3.604593075579032e-05,0.029560059309005737,0.022443681955337524,53154.28531027213
75000,48000000,7.915538299130276e-05,4.9940197641262785e-05,0.03345746919512749,0.026042185723781586,53509.52431405056
75500,48320000,3.7760677514597774e-05,5.0637972890399396e-05,0.03198716789484024,0.02005826309323311,53865.28439603653
76000,48640000,8.216292189899832e-05,0.00016533402958884835,0.06010642647743225,0.046642713248729706,54220.99958972726
76500,48960000,9.517590660834685e-05,0.00010375070996815339,0.04335884749889374,0.030935747548937798,54578.53872153256
77000,49280000,8.584401075495407e-05,7.140885281842202e-05,0.03777986764907837,0.027591686695814133,54935.0247528851
77500,49600000,3.994183862232603e-05,3.1175484764389694e-05,0.024586506187915802,0.01693054288625717,55291.61597719975
78000,49920000,4.209051257930696e-05,2.7586631404119544e-05,0.02582136169075966,0.016888681799173355,55647.337346323766
78500,50240000,4.615465513779782e-05,3.0255268939072266e-05,0.026490535587072372,0.01556343212723732,56003.824685142376
79000,50560000,6.865135947009549e-05,3.149991971440613e-05,0.024459058418869972,0.015423438511788845,56359.06426228769
79500,50880000,4.0024431655183434e-05,3.787191599258222e-05,0.026514176279306412,0.016222607344388962,56715.38468604535
80000,51200000,0.00010758503776742145,0.00010555007611401379,0.04175087437033653,0.027305584400892258,57070.90251453407
80500,51520000,3.579594340408221e-05,3.269315493525937e-05,0.02727499231696129,0.017169367522001266,57427.114286144264
81000,51840000,0.000340726604918018,0.0001456796017009765,0.05316447094082832,0.03412298858165741,57782.50898234453
81500,52160000,5.17948174092453e-05,9.887542546493933e-05,0.03783748671412468,0.021778738126158714,58138.9544903785
82000,52480000,5.0484628445701674e-05,6.795585068175569e-05,0.0397224947810173,0.030725914984941483,58494.253043479286
82500,52800000,4.697954500443302e-05,6.447236228268594e-05,0.03815571963787079,0.027145400643348694,58850.20529859234
83000,53120000,4.4522457756102085e-05,3.684613693621941e-05,0.030298488214612007,0.0210014209151268,59205.337142105214
83500,53440000,3.680591908050701e-05,2.9972086849738844e-05,0.02402631752192974,0.015574077144265175,59562.07429917157
84000,53760000,5.551606955123134e-05,5.1182079914724454e-05,0.034253351390361786,0.023501062765717506,59917.78450511489
84500,54080000,4.622753112926148e-05,4.587387593346648e-05,0.03305726498365402,0.023222599178552628,60274.46169620659
85000,54400000,3.784904765780084e-05,3.890021616825834e-05,0.03084343485534191,0.02333560399711132,60629.60339267831
85500,54720000,3.339766408316791e-05,3.5299628507345915e-05,0.021902529522776604,0.0116836316883564,60985.639729034156
86000,55040000,0.00016323913587257266,9.7015465144068e-05,0.0472370907664299,0.03387390822172165,61341.30421307776
86500,55360000,6.321272667264566e-05,7.21848919056356e-05,0.028830688446760178,0.01840083673596382,61697.56092083361
87000,55680000,3.398361150175333e-05,2.0660445443354547e-05,0.024579573422670364,0.01668008230626583,62053.34102703072
87500,56000000,7.350883970502764e-05,0.00012471270747482777,0.039383415132761,0.026257038116455078,62409.7000469584
88000,56320000,7.118545909179375e-05,2.1098738216096535e-05,0.022451328113675117,0.015248053707182407,62765.519728583284
88500,56640000,3.5867837141267955e-05,3.133152495138347e-05,0.023298315703868866,0.01454531867057085,63121.76633063704
89000,56960000,4.048254413646646e-05,4.401977639645338e-05,0.030798811465501785,0.02042580023407936,63477.09070219472
89500,57280000,0.00012676769983954728,0.000225501338718459,0.06385806947946548,0.04731849208474159,63833.11599394493
90000,57600000,4.132313551963307e-05,3.16902733175084e-05,0.02315858192741871,0.012122505344450474,64188.72280662041
90500,57920000,3.803849540418014e-05,2.7995327400276437e-05,0.023559395223855972,0.016011644154787064,64545.70172035694
91000,58240000,3.6464673030423e-05,4.0145292587112635e-05,0.02980000711977482,0.023673228919506073,64900.75057577249
91500,58560000,3.280201417510398e-05,4.99278939969372e-05,0.029235336929559708,0.020157217979431152,65257.83940401301
92000,58880000,2.810038859024644e-05,1.5670619177399203e-05,0.018235035240650177,0.011778688058257103,65613.42014378775
92500,59200000,3.9971957448869944e-05,2.3682090613874607e-05,0.023341424763202667,0.014869642443954945,65969.70917841885
93000,59520000,2.4693346858839504e-05,1.4219258446246386e-05,0.01781684160232544,0.01116931438446045,66324.92524051666
93500,59840000,5.3832551202503964e-05,2.953828516183421e-05,0.026107557117938995,0.017671478912234306,66680.68100289721
94000,60160000,3.61692946171388e-05,1.0961190128000453e-05,0.016553929075598717,0.009491179138422012,67036.19562463276
94500,60480000,3.246130654588342e-05,4.052849908475764e-05,0.025493398308753967,0.015529070980846882,67391.7902017152
95000,60800000,7.570804882561788e-05,4.47248385171406e-05,0.03540783002972603,0.025688964873552322,67747.8107662145
95500,61120000,3.10523719235789e-05,4.9503956688567996e-05,0.03105323016643524,0.020792819559574127,68104.22961736191
96000,61440000,3.458877472439781e-05,2.7173435228178278e-05,0.02302117645740509,0.013303223997354507,68459.6182734603
96500,61760000,3.374735752004199e-05,2.253583079436794e-05,0.022891836240887642,0.012743182480335236,68815.73249322921
97000,62080000,3.639574788394384e-05,3.190571442246437e-05,0.023909535259008408,0.01537688635289669,69170.07392815687
97500,62400000,3.27101479342673e-05,2.25486874114722e-05,0.019500236958265305,0.013856407254934311,69526.21814154647
98000,62720000,3.8516209315275773e-05,5.235622666077688e-05,0.030346011742949486,0.020788103342056274,69881.03010864556
98500,63040000,3.977274536737241e-05,3.124913928331807e-05,0.027400679886341095,0.018720116466283798,70237.24322713166
99000,63360000,2.9133158022887073e-05,3.094693965977058e-05,0.02416587620973587,0.014840804040431976,70591.36517007928
99500,63680000,2.9102657208568417e-05,2.252692138426937e-05,0.02099156565964222,0.011919641867280006,70946.80360980425
100000,64000000,9.045576734934002e-05,4.137206997256726e-05,0.02957630529999733,0.020376425236463547,71302.03839460015
100500,64320000,3.097376975347288e-05,3.2475058105774224e-05,0.024468466639518738,0.016095396131277084,71658.75236248225
101000,64640000,6.535619468195364e-05,2.915563527494669e-05,0.027055099606513977,0.01914207451045513,72013.83468538057
101500,64960000,2.6294537747162394e-05,3.09189927065745e-05,0.02390814758837223,0.01596638932824135,72370.0117661627
102000,65280000,2.9572931453003548e-05,2.4750581360422075e-05,0.02135968580842018,0.012335347011685371,72724.8897479605
102500,65600000,3.484180706436746e-05,5.3145366109674796e-05,0.030743978917598724,0.020211318507790565,73079.851008825
103000,65920000,3.579456824809313e-05,2.8094287699786946e-05,0.02233646623790264,0.012274600565433502,73434.93835331034
103500,66240000,3.3162064937641844e-05,2.0859231881331652e-05,0.02097008191049099,0.0117442412301898,73790.52438088972
104000,66560000,3.228509012842551e-05,2.14012816286413e-05,0.021642930805683136,0.014355330727994442,74145.43413948175
104500,66880000,2.8098380425944924e-05,2.2153533791424707e-05,0.02213886007666588,0.016983412206172943,74501.35141413286
105000,67200000,3.160132473567501e-05,3.119510438409634e-05,0.02197541482746601,0.014468105509877205,74857.26726189349
105500,67520000,2.9193301088525914e-05,2.1323141481843777e-05,0.02515452727675438,0.016841737553477287,75213.40717701241
106000,67840000,3.858482523355633e-05,3.793171345023438e-05,0.02723168209195137,0.01632555201649666,75569.27637763973
106500,68160000,3.611221836763434e-05,4.9319889512844384e-05,0.02893117628991604,0.018018916249275208,75925.11134331394
107000,68480000,3.137873864034191e-05,3.733708945219405e-05,0.027554422616958618,0.015148676931858063,76280.44260726217
107500,68800000,2.6134875952266157e-05,4.33894747402519e-05,0.029807500541210175,0.01837606355547905,76636.93242882099
108000,69120000,8.138085104292259e-05,7.327086495934054e-05,0.03699030727148056,0.025519780814647675,76992.74540471286
108500,69440000,3.4532815334387124e-05,1.6632131519145332e-05,0.020243553444743156,0.011583969928324223,77348.41837827675
109000,69760000,2.7400843464420177e-05,3.9593469409737736e-05,0.025075536221265793,0.014705647714436054,77704.07119164616
109500,70080000,4.6517921873601153e-05,3.6721627111546695e-05,0.028419163078069687,0.01840822398662567,78060.6297172634
110000,70400000,2.9002509108977392e-05,2.5570272555341944e-05,0.0219062902033329,0.014736887067556381,78416.24429692794
110500,70720000,2.331674659217242e-05,2.4084612959995866e-05,0.021853089332580566,0.014764335006475449,78772.2704673754
111000,71040000,3.0393648557947017e-05,2.1099398509250022e-05,0.02142040617763996,0.01518962811678648,79126.95591307618
111500,71360000,3.106743679381907e-05,3.684929106384516e-05,0.025386985391378403,0.015012158080935478,79483.56858644262
112000,71680000,9.105054050451145e-05,0.0001003964789560996,0.0394812636077404,0.02733205072581768,79840.34394848812
112500,72000000,2.9199134587543085e-05,1.6297371985274367e-05,0.019276656210422516,0.011659469455480576,80197.71840225719
113000,72320000,2.362703344260808e-05,1.690226054051891e-05,0.01799042895436287,0.011851996183395386,80554.19183837995
113500,72640000,3.0584284104406834e-05,2.4090502847684547e-05,0.0235834289342165,0.015590855851769447,80910.64691662043
114000,72960000,2.476769805070944e-05,4.2519190174061805e-05,0.026066167280077934,0.01635952852666378,81266.33247687388
114500,73280000,2.720757584029343e-05,2.451130967529025e-05,0.021869633346796036,0.016278687864542007,81622.53588976618
115000,73600000,2.607541682664305e-05,3.0689046980114654e-05,0.023307720199227333,0.013574454933404922,81978.40576844756
115500,73920000,2.9784923754050396e-05,2.7788955776486546e-05,0.023715699091553688,0.016055013984441757,82334.28911968693
116000,74240000,3.0230430638766848e-05,2.0297458831919357e-05,0.02280285768210888,0.015986911952495575,82689.48597959708
116500,74560000,3.1722851417725906e-05,3.427568299230188e-05,0.026159070432186127,0.018456928431987762,83046.67182044871
117000,74880000,2.3236774723045528e-05,1.788972076610662e-05,0.020332947373390198,0.01372642070055008,83401.27563650254
117500,75200000,2.582903834991157e-05,1.9468898244667798e-05,0.01974148117005825,0.01396692730486393,83757.27935282793
118000,75520000,2.927314017142635e-05,2.1231368009466678e-05,0.019802480936050415,0.012892075814306736,84112.93067512289
118500,75840000,2.352850242459681e-05,2.17046126635978e-05,0.02052605152130127,0.012570538558065891,84469.71087987907
119000,76160000,2.754972956608981e-05,3.0466553653241135e-05,0.025885477662086487,0.017875803634524345,84825.29166865256
119500,76480000,2.4480108550051227e-05,1.6904283256735653e-05,0.018829012289643288,0.010991346091032028,85181.19566671364
120000,76800000,2.5804754841374233e-05,1.9998860807390884e-05,0.022688070312142372,0.014981289394199848,85536.79146935325
120500,77120000,2.1675876269000582e-05,1.7630554793868214e-05,0.01920509524643421,0.012357601895928383,85894.3567289114
121000,77440000,3.207870395272039e-05,2.5502218704787083e-05,0.022716594859957695,0.01680693030357361,86250.49055395089
121500,77760000,2.259490247524809e-05,3.895031113643199e-05,0.024616625159978867,0.015347657725214958,86607.18307834584
122000,78080000,5.2253064495744184e-05,1.4886740245856345e-05,0.018583355471491814,0.012943520210683346,86962.68616989255
122500,78400000,2.5589344659238122e-05,2.0862809833488427e-05,0.020976176485419273,0.01260327734053135,87318.56306651793
123000,78720000,3.0361017707036808e-05,3.1109237170312554e-05,0.022838447242975235,0.019308697432279587,87674.16334381048
123500,79040000,3.220996222808026e-05,2.177671376557555e-05,0.02162080630660057,0.014598431065678596,88030.53638753109
124000,79360000,2.3480208255932666e-05,2.1549389202846214e-05,0.021717645227909088,0.014429389499127865,88386.51638628263
124500,79680000,2.2549298591911793e-05,1.7118241885327734e-05,0.01892739161849022,0.010165726765990257,88743.37540217862
125000,80000000,2.8046419174643233e-05,1.4925088180461898e-05,0.01576957479119301,0.010326473973691463,89099.15970902331
125500,80320000,3.1615461921319366e-05,3.822449070867151e-05,0.028332587331533432,0.016909608617424965,89454.9868485434
126000,80640000,2.4860602934495546e-05,2.2384429030353203e-05,0.022783709689974785,0.01493201032280922,89810.60608425736
126500,80960000,3.169226329191588e-05,1.600960604264401e-05,0.017444754019379616,0.01049981638789177,90168.11557334941
127000,81280000,2.427730396448169e-05,5.289079126669094e-05,0.02798360213637352,0.018440265208482742,90524.44873130694
127500,81600000,2.2336891561280936e-05,1.4004794138600118e-05,0.015794377774000168,0.00909622572362423,90879.84408259485
128000,81920000,9.491023229202256e-05,6.306663271971047e-05,0.038291413336992264,0.026642609387636185,91234.22678916529
128500,82240000,7.506980182370171e-05,0.00013624604616779834,0.0450299009680748,0.03147492557764053,91589.95361785311
129000,82560000,4.65369776065927e-05,4.0863073081709445e-05,0.025776535272598267,0.016402317211031914,91945.85341340117
129500,82880000,2.906664121837821e-05,4.764658660860732e-05,0.02562827058136463,0.015339532867074013,92301.33201005496
130000,83200000,2.972267429868225e-05,2.464754470565822e-05,0.020918816328048706,0.01267001312226057,92656.92659926135
130500,83520000,2.876365397241898e-05,3.531930997269228e-05,0.02314917743206024,0.018297269940376282,93013.94895964768
131000,83840000,2.8488093448686413e-05,2.9448117857100442e-05,0.023407019674777985,0.015193972736597061,93369.93179061543
131500,84160000,2.657995901245158e-05,3.243037645006552e-05,0.027415674179792404,0.019648656249046326,93726.65274731256
132000,84480000,3.407331314519979e-05,2.468593265803065e-05,0.021388661116361618,0.014599097892642021,94081.83037705533
132500,84800000,1.9598417566157877e-05,1.4865372577332892e-05,0.015248333103954792,0.009557364508509636,94437.4985100897
133000,85120000,2.1610081603284925e-05,1.5309342416003346e-05,0.020142607390880585,0.013153297826647758,94792.26810900494
133500,85440000,2.8563623345689848e-05,2.2658705347566865e-05,0.019429730251431465,0.013112280517816544,95148.43251874764
134000,85760000,2.5067061869776808e-05,2.150948603230063e-05,0.021318592131137848,0.013374468311667442,95504.99236068968
134500,86080000,2.7356949431123212e-05,2.477173984516412e-05,0.021595418453216553,0.012753695249557495,95861.01380300242
135000,86400000,3.705872222781181e-05,2.073350697173737e-05,0.02288416400551796,0.01354354340583086,96216.09380480647
135500,86720000,5.7678356824908406e-05,3.052084139198996e-05,0.024833573028445244,0.017463166266679764,96572.96387612261
136000,87040000,2.3355683879344724e-05,1.8751536117633805e-05,0.02011438086628914,0.016286510974168777,96929.28744296543
136500,87360000,2.020366446231492e-05,1.2760802746925037e-05,0.01734720543026924,0.010917747393250465,97285.39783718158
137000,87680000,1.8438962797517888e-05,1.6929207049543038e-05,0.01847107894718647,0.012011665850877762,97641.78737590555
137500,88000000,2.2950611310079694e-05,3.0686744139529765e-05,0.021363655105233192,0.01311741303652525,97998.89001327101
138000,88320000,2.061855047941208e-05,1.6235000657616183e-05,0.017428994178771973,0.01266692765057087,98354.4669767106
138500,88640000,2.279299769725185e-05,2.107814361806959e-05,0.02088986337184906,0.01645514741539955,98711.01250930224
139000,88960000,2.0005869373562746e-05,2.0213799871271476e-05,0.020202308893203735,0.013302899897098541,99066.9001321476
139500,89280000,2.0552095520542935e-05,1.4041521353647113e-05,0.017935607582330704,0.013036642223596573,99422.49178426526
140000,89600000,2.4336157366633415e-05,1.6800151570350863e-05,0.0196058489382267,0.012830102816224098,99776.72260019742
140500,89920000,2.3016735212877393e-05,1.9100487406831235e-05,0.020682930946350098,0.015194850042462349,100134.36658340693
141000,90240000,1.826122752390802e-05,1.2495372175180819e-05,0.017221737653017044,0.010449333116412163,100489.44363807421
141500,90560000,0.0002403214166406542,3.448901406954974e-05,0.02865929901599884,0.01931396871805191,100845.35772349406
142000,90880000,1.933443490997888e-05,2.0717334336950444e-05,0.020702417939901352,0.013837375678122044,101200.32253672834
142500,91200000,1.7617247067391872e-05,1.682276706560515e-05,0.016979675740003586,0.009719431400299072,101556.53686475474
143000,91520000,1.7193195162690245e-05,3.597105751396157e-05,0.022484131157398224,0.0152583047747612,101912.22595780529
143500,91840000,2.3364254957414232e-05,2.1295203623594716e-05,0.019291821867227554,0.012456079944968224,102268.56366444193
144000,92160000,1.8460084902471863e-05,1.171581789094489e-05,0.01748771220445633,0.012996528297662735,102624.38167669997
144500,92480000,2.2151731172925793e-05,1.0792356988531537e-05,0.01575993373990059,0.009427656419575214,102980.30179946963
145000,92800000,2.265305920445826e-05,2.5032961275428534e-05,0.023887168616056442,0.01943170092999935,103335.4137242455
145500,93120000,1.8768194422591478e-05,2.267763738927897e-05,0.023931503295898438,0.017383992671966553,103691.92861287296
146000,93440000,1.9454539142316207e-05,1.602007614565082e-05,0.017788469791412354,0.010194525122642517,104047.13743967749
146500,93760000,2.003704139497131e-05,2.0037063222844154e-05,0.019879037514328957,0.011520328000187874,104401.99348526448
147000,94080000,2.0391164071043022e-05,2.5545412427163683e-05,0.02059163525700569,0.0136016346514225,104757.54773799703
147500,94400000,1.744583096296992e-05,2.0560441043926403e-05,0.01950870268046856,0.012893881648778915,105115.13539387472
148000,94720000,4.710502253146842e-05,4.063307278556749e-05,0.025891007855534554,0.01727110520005226,105471.41781743802
148500,95040000,1.963404611160513e-05,4.5655335270566866e-05,0.025127584114670753,0.01922866702079773,105828.8981644176
149000,95360000,2.5777588234632276e-05,1.591284672031179e-05,0.018038902431726456,0.010711420327425003,106185.23256811406
149500,95680000,2.0764211512869224e-05,2.6270372472936288e-05,0.021525051444768906,0.014789868146181107,106541.94730798062
150000,96000000,1.9320616047480144e-05,1.9247170712333173e-05,0.018876157701015472,0.013074507936835289,106897.07503441814
150500,96320000,1.9897021047654562e-05,1.92594961845316e-05,0.021610505878925323,0.014878444373607635,107253.6435392769
151000,96640000,2.6517187507124618e-05,3.39672842528671e-05,0.024016276001930237,0.01726348139345646,107608.71873167437
151500,96960000,2.3055601559462957e-05,1.3428976672003046e-05,0.018974337726831436,0.015835745260119438,107963.92031759769
152000,97280000,1.9304765373817645e-05,2.4679953639861196e-05,0.022444456815719604,0.014398010447621346,108318.79561140668
152500,97600000,1.7366006431984715e-05,1.3098779163556173e-05,0.0168985016644001,0.011652159504592419,108674.30968809593
153000,97920000,2.7662666980177164e-05,3.505033237161115e-05,0.02442127838730812,0.014512247405946255,109030.3928873241
153500,98240000,2.0763962311320938e-05,1.7717362425173633e-05,0.019154055044054985,0.012515239417552948,109387.43846727349
154000,98560000,1.8186668967246078e-05,2.4445038434350863e-05,0.022608358412981033,0.016196975484490395,109743.79388170876
154500,98880000,1.840489676396828e-05,1.6016092558857054e-05,0.017475400120019913,0.011890660971403122,110100.75070362352
155000,99200000,2.2036172595107928e-05,1.5757188521092758e-05,0.016345404088497162,0.011251256801187992,110456.4454598492
155500,99520000,2.046981535386294e-05,1.7437132555642165e-05,0.019425973296165466,0.012622321024537086,110813.5165332323
156000,99840000,1.8548540538176894e-05,2.00712529476732e-05,0.020591862499713898,0.012873595580458641,111169.42069618404
156500,100160000,3.0325512852868997e-05,9.679344657342881e-05,0.030143026262521744,0.023250538855791092,111526.31035348121
157000,100480000,1.8681763322092593e-05,1.5012145013315603e-05,0.015796199440956116,0.01096641831099987,111882.12060346175
157500,100800000,1.764934859238565e-05,1.0826746802194975e-05,0.014532044529914856,0.008202355355024338,112239.01090901345
158000,101120000,1.9231792975915596e-05,1.3179022062104195e-05,0.014997381716966629,0.008389071561396122,112594.80315832794
158500,101440000,2.807161035889294e-05,1.0869693142012693e-05,0.014944257214665413,0.00992552563548088,112951.21134665608
159000,101760000,1.6721189240342937e-05,1.3495071470970288e-05,0.01655399240553379,0.012756241485476494,113306.74070726987
159500,102080000,2.7156171199749224e-05,1.1800846550613642e-05,0.0171965304762125,0.011589037254452705,113662.63036868814
160000,102400000,1.760363193170633e-05,2.4088438294711523e-05,0.021238839253783226,0.014131451025605202,114018.40863962006
160500,102720000,1.8441705833538435e-05,1.986161805689335e-05,0.01913907378911972,0.011294106021523476,114375.4029323794
161000,103040000,1.6467694877064787e-05,1.2910511941299774e-05,0.017801322042942047,0.011885454878211021,114730.58387740143
161500,103360000,1.8547914805822074e-05,1.244445320480736e-05,0.018276996910572052,0.011963732540607452,115086.98387834802
162000,103680000,2.0012777895317413e-05,4.626591908163391e-05,0.02897261455655098,0.019981563091278076,115442.49538652971
162500,104000000,4.080412327311933e-05,1.752735988702625e-05,0.018407922238111496,0.013978282921016216,115799.22680769023
163000,104320000,1.6993522876873612e-05,3.9045589801389724e-05,0.02536698430776596,0.01871906965970993,116154.44229466468
163500,104640000,1.7471524188295007e-05,1.7802838556235656e-05,0.02145853452384472,0.014338910579681396,116510.82550917566
164000,104960000,1.8263190213474445e-05,1.3900710655434523e-05,0.017289400100708008,0.01247267797589302,116866.83289915789
164500,105280000,1.9513969164108858e-05,1.8884697055909783e-05,0.019663825631141663,0.015011066570878029,117222.62289406452
165000,105600000,1.6521669749636203e-05,1.0149251465918496e-05,0.016490135341882706,0.009768333286046982,117577.25007346552
165500,105920000,1.8600649127620272e-05,1.6496021999046206e-05,0.018960636109113693,0.011107738129794598,117932.98642648663
166000,106240000,1.6358277207473293e-05,1.5846977476030588e-05,0.018041212111711502,0.012917697429656982,118288.37494407222
166500,106560000,1.851735942182131e-05,7.72916610003449e-06,0.014348845928907394,0.009101282805204391,118644.70330569986
167000,106880000,1.6439531464129686e-05,1.1704045391525142e-05,0.017274515703320503,0.0118569890037179,119000.62183643505
167500,107200000,1.6658239474054426e-05,1.2739337762468494e-05,0.014918810687959194,0.008310623466968536,119357.2555021327
168000,107520000,1.573316149006132e-05,1.7101318007917143e-05,0.018890585750341415,0.012075871229171753,119712.70930603798
168500,107840000,2.7401314582675695e-05,2.3021897504804656e-05,0.0244623813778162,0.017031598836183548,120069.21062287595
169000,108160000,2.3608668925589882e-05,1.6779424186097458e-05,0.018213698640465736,0.012825844809412956,120425.5965305036
169500,108480000,1.6166241039172746e-05,1.0677033969841432e-05,0.016828611493110657,0.013590201735496521,120782.28825861774
170000,108800000,1.6181764294742607e-05,1.2156553566455841e-05,0.014916963875293732,0.009784333407878876,121137.3023838643
170500,109120000,1.6499750927323475e-05,1.6194531781366095e-05,0.018085278570652008,0.01082194410264492,121493.78951603919
171000,109440000,1.686602263362147e-05,7.735692634014413e-06,0.013447105884552002,0.008180919103324413,121848.41794064827
171500,109760000,1.668497316131834e-05,1.4787699001317378e-05,0.016818776726722717,0.011691565625369549,122204.9954352621
172000,110080000,1.7618227502680384e-05,1.0867694072658196e-05,0.014086538925766945,0.007783673703670502,122560.91711819544
172500,110400000,1.8576844013296068e-05,1.0113042662851512e-05,0.014132069423794746,0.008227896876633167,122916.86328512337
173000,110720000,1.4568993719876744e-05,1.4395680409506895e-05,0.01616753451526165,0.009038428775966167,123272.20597741101
173500,111040000,1.6019233953556977e-05,1.4912733604433015e-05,0.01707882434129715,0.01091042160987854,123628.78808382712
174000,111360000,1.5016691577329766e-05,8.117101970128715e-06,0.012830954045057297,0.0063375262543559074,123984.41473896243
174500,111680000,1.49099041664158e-05,7.04311878507724e-06,0.015553983859717846,0.011371782049536705,124340.26557697635
175000,112000000,1.7039206795743667e-05,1.207054992846679e-05,0.014768052846193314,0.00977002177387476,124695.5430141585
175500,112320000,1.6423606211901642e-05,2.084935113089159e-05,0.019848104566335678,0.011508302763104439,125051.8196478812
176000,112640000,1.547897954878863e-05,1.3518271771317814e-05,0.017627205699682236,0.011647158302366734,125407.25069946889
176500,112960000,1.532394344394561e-05,2.136153489118442e-05,0.022687889635562897,0.01627196930348873,125763.01824063063
177000,113280000,1.6652104022796266e-05,4.406035441206768e-05,0.022216277197003365,0.012916245497763157,126118.66004593018
177500,113600000,1.6890653569134884e-05,1.955340849235654e-05,0.01883602887392044,0.013272961601614952,126475.54707202129
178000,113920000,1.5942528989398852e-05,2.9764987630187534e-05,0.021688900887966156,0.013686304911971092,126830.73407233413
178500,114240000,1.567348044773098e-05,1.4045954230823554e-05,0.01899639517068863,0.013860480859875679,127187.59979773406
179000,114560000,1.3445889635477215e-05,7.169743184931576e-06,0.012790070846676826,0.0063867452554404736,127543.44910213351
179500,114880000,1.4931730220268946e-05,1.0070737516798545e-05,0.01675543375313282,0.010927144438028336,127900.4114447739
180000,115200000,1.4317703971755691e-05,8.48073796078097e-06,0.013397167436778545,0.008144482970237732,128256.3502266109
180500,115520000,1.662124486756511e-05,2.0665567717514932e-05,0.020120400935411453,0.013431046158075333,128613.13455458265
181000,115840000,1.3720433344133198e-05,1.4745259250048548e-05,0.018361933529376984,0.012290861457586288,128968.96902190614
181500,116160000,1.3769727956969291e-05,9.833358490141109e-06,0.016052700579166412,0.01003343891352415,129325.47834403533
182000,116480000,1.4312417079054285e-05,2.2820249796495773e-05,0.019530605524778366,0.012826662510633469,129680.70749175176
182500,116800000,1.5533671103185043e-05,1.782834078767337e-05,0.017263052985072136,0.012297317385673523,130036.83406539261
183000,117120000,1.4514293070533313e-05,1.3249806215753779e-05,0.01569703035056591,0.009626245126128197,130392.02986386418
183500,117440000,1.4088249372434802e-05,2.363911880820524e-05,0.020514685660600662,0.013591512106359005,130748.33082891628
184000,117760000,1.6967864212347195e-05,1.2060427252436057e-05,0.015709370374679565,0.009765499271452427,131103.66274871863
184500,118080000,1.5197190805338323e-05,1.0421033039165195e-05,0.014819902367889881,0.009780604392290115,131459.8986576181
185000,118400000,1.4899569578119554e-05,1.5036482182040345e-05,0.018268145620822906,0.011638553813099861,131814.76879196987
185500,118720000,1.3365456652536523e-05,9.99658277578419e-06,0.014611824415624142,0.00829855166375637,132171.18140254077
186000,119040000,1.4186261068971362e-05,1.30123535200255e-05,0.014543188735842705,0.008848665282130241,132526.57648702431
186500,119360000,1.4855817425996065e-05,1.6978396160993725e-05,0.019143272191286087,0.01367988996207714,132883.54171723407
187000,119680000,1.4867694517306518e-05,8.125542080961168e-06,0.014676239341497421,0.007779547479003668,133239.17797255795
187500,120000000,1.40965585160302e-05,1.0620318789733574e-05,0.013992873951792717,0.008331211283802986,133595.0739456173
188000,120320000,1.3608960216515698e-05,6.340295840345789e-06,0.014742105267941952,0.010450451634824276,133950.68147639744
188500,120640000,1.263036119780736e-05,4.011979035567492e-05,0.02270328253507614,0.011843661777675152,134306.92101998627
189000,120960000,1.392435842717532e-05,1.3628323358716443e-05,0.01517514418810606,0.008929666131734848,134662.80145333987
189500,121280000,1.3597330507764127e-05,1.1938032912439667e-05,0.014064924791455269,0.008110005408525467,135019.209161425
190000,121600000,1.3020500773563981e-05,1.283835808862932e-05,0.01394854299724102,0.00836055725812912,135375.46679073013
190500,121920000,1.2348604286671616e-05,8.85142981132958e-06,0.013696882873773575,0.00837732944637537,135732.09436903242
191000,122240000,1.4065264622331597e-05,1.3417692571238149e-05,0.017416972666978836,0.01135653629899025,136087.29320899304
191500,122560000,1.41369819175452e-05,7.848172572266776e-06,0.01348911039531231,0.0074461959302425385,136443.66945540905
192000,122880000,1.3286719877214637e-05,4.067181725986302e-05,0.02391875721514225,0.015043717809021473,136798.60386208072
192500,123200000,1.5222401998471469e-05,1.4511021618091036e-05,0.016861746087670326,0.01338106021285057,137154.8895668462
193000,123520000,1.2310122656344902e-05,1.538124524813611e-05,0.01456117071211338,0.009225612506270409,137510.45507367048
193500,123840000,1.5862566215218976e-05,7.646592166565824e-06,0.012785075232386589,0.006772379390895367,137866.75796114653
194000,124160000,1.2744198102154769e-05,1.3959098396298941e-05,0.01691923663020134,0.011322995647788048,138222.12511678692
194500,124480000,1.3473340914060827e-05,8.017521395231597e-06,0.013782646507024765,0.007636431138962507,138577.50673871208
195000,124800000,1.555031121824868e-05,1.063907711795764e-05,0.014835706911981106,0.008724849671125412,138932.45522823185
195500,125120000,6.748556916136295e-05,1.1369624189683236e-05,0.016606226563453674,0.011326536536216736,139288.28783180192
196000,125440000,1.3747606317338068e-05,8.29783130029682e-06,0.014619966968894005,0.00944542046636343,139642.98308807705
196500,125760000,1.3838286577083636e-05,1.407208401360549e-05,0.018384844064712524,0.014972204342484474,139999.6221431736
197000,126080000,1.1861848179250956e-05,1.7342923456453718e-05,0.018748044967651367,0.012039721012115479,140354.27157957852
197500,126400000,1.4382482731889468e-05,6.637694241362624e-06,0.013073312118649483,0.00961366854608059,140711.29196128342
198000,126720000,1.3406764082901645e-05,8.039697604544926e-06,0.012937292456626892,0.008024873211979866,141068.40049584676
198500,127040000,1.2642481124203186e-05,1.4840423318673857e-05,0.01772984117269516,0.011464058421552181,141425.2679478703
199000,127360000,1.2713047908619046e-05,1.216447890328709e-05,0.015159178525209427,0.009570329450070858,141781.71292390674
199500,127680000,1.2892671293229796e-05,1.0063366062240675e-05,0.014075537212193012,0.008187428116798401,142137.4714243086
200000,128000000,1.2911086741951294e-05,7.829962669347879e-06,0.014217264950275421,0.008834026753902435,142492.63192943018
200500,128320000,1.4334264051285572e-05,1.38404739118414e-05,0.015074258670210838,0.008611558005213737,142848.98163897824
201000,128640000,1.2778751624864526e-05,1.6430296454927884e-05,0.019278323277831078,0.013728738762438297,143203.7333893031
201500,128960000,5.193514152779244e-05,1.2766317013301887e-05,0.016487177461385727,0.010214620269834995,143560.20189768355
202000,129280000,1.1884829291375354e-05,1.0458190445206128e-05,0.016925575211644173,0.01151295006275177,143914.935325413
202500,129600000,1.5369485481642187e-05,1.3876801858714316e-05,0.01602366752922535,0.010217929258942604,144270.45208398812
203000,129920000,1.1714968422893435e-05,1.174670978798531e-05,0.01565719023346901,0.010645724833011627,144625.01019846648
203500,130240000,1.38117975438945e-05,1.3086431863484904e-05,0.016836997121572495,0.01150740310549736,144980.4570388086
204000,130560000,1.2518042240117211e-05,7.851181180740241e-06,0.011613091453909874,0.0064889900386333466,145336.48278139904
204500,130880000,1.2228641026013065e-05,2.46877534664236e-05,0.017850052565336227,0.011682608164846897,145692.84963549767
205000,131200000,1.5848823750275187e-05,1.1409487342461944e-05,0.014860074035823345,0.008779394440352917,146048.34449422825
205500,131520000,1.3930114619142842e-05,5.763848093920387e-06,0.01244575995951891,0.007023563142865896,146404.85255363118
206000,131840000,1.5383962818305008e-05,1.119271109928377e-05,0.014922264963388443,0.008342734538018703,146760.2568029305
206500,132160000,1.3056348507234361e-05,8.993340088636614e-06,0.013286516070365906,0.00772160803899169,147116.10610222537
207000,132480000,1.1765211638703477e-05,8.269296813523397e-06,0.013071715831756592,0.010509584099054337,147471.560023685
207500,132800000,1.4614182873629034e-05,1.1210721822862979e-05,0.017358047887682915,0.011066746897995472,147828.62669890188
208000,133120000,1.3311130715010222e-05,1.2775811228493694e-05,0.014318585395812988,0.007955916225910187,148184.2920230627
208500,133440000,3.068423757213168e-05,3.483050750219263e-05,0.02684876136481762,0.016952993348240852,148540.98655171506
209000,133760000,1.11229601316154e-05,1.1376410839147866e-05,0.014047275297343731,0.008662568405270576,148896.33537054714
209500,134080000,1.0742812264652457e-05,6.558860150107648e-06,0.011727169156074524,0.006117307115346193,149252.37920313887
210000,134400000,1.2871154467575252e-05,1.1510828699101694e-05,0.014424631372094154,0.008915167301893234,149607.63489407673
210500,134720000,1.066163804352982e-05,1.0293952072970569e-05,0.014121398329734802,0.008672494441270828,149964.22414951306
211000,135040000,1.2331644938967656e-05,1.2469652574509382e-05,0.018238941207528114,0.014221617951989174,150319.47793138959
211500,135360000,1.2167924978712108e-05,5.4627153076580726e-06,0.010510509833693504,0.005757272243499756,150674.409025996
212000,135680000,1.4477380318567157e-05,1.0656032827682793e-05,0.014906056225299835,0.008546276018023491,151028.69481473044
212500,136000000,1.1018460099876393e-05,7.399718924716581e-06,0.013360433280467987,0.008734765462577343,151383.71919221058
213000,136320000,1.625624281587079e-05,1.786413849913515e-05,0.01594056747853756,0.009046738967299461,151739.69515221287
213500,136640000,1.1655963135126512e-05,1.2906193660455756e-05,0.01521170325577259,0.010256394743919373,152095.45117812976
214000,136960000,1.5879981219768524e-05,1.367105869576335e-05,0.017269842326641083,0.010944090783596039,152450.90547109488
214500,137280000,1.2798578609363176e-05,1.4223209291230887e-05,0.016739744693040848,0.01156150083988905,152807.50462432392
215000,137600000,1.1996759894827846e-05,9.39888741413597e-06,0.014567417092621326,0.010129202157258987,153163.45952477958
215500,137920000,1.0405339708086103e-05,8.781702490523458e-06,0.015009811148047447,0.008279670029878616,153519.9034659434
216000,138240000,1.2718567631964106e-05,8.154185707098804e-06,0.012126252055168152,0.006684033665806055,153875.68859243765
216500,138560000,1.2045333278365433e-05,1.2156877346569672e-05,0.01676594652235508,0.010904883965849876,154232.57692681812
217000,138880000,1.3417721675068606e-05,7.2209459176519886e-06,0.013139765709638596,0.006900291424244642,154588.94659535494
217500,139200000,1.0582220056676306e-05,7.045014172035735e-06,0.011789907701313496,0.007141414564102888,154946.97895561252
218000,139520000,1.4344662304210942e-05,1.1293659554212354e-05,0.01474711298942566,0.008457939140498638,155303.63226589188
218500,139840000,1.2799809155694675e-05,1.0003046554629691e-05,0.014616074971854687,0.006991901900619268,155661.71836222894
219000,140160000,1.1726235243258998e-05,1.431881628377596e-05,0.015159416943788528,0.01047493051737547,156018.21061806753
219500,140480000,1.712990524538327e-05,9.446224794373848e-06,0.012889952398836613,0.00781372282654047,156374.21957505494
220000,140800000,1.1173098755534738e-05,1.0232976819679607e-05,0.013713208958506584,0.01017063856124878,156729.69371036906
220500,141120000,1.2314172636251897e-05,1.4208355423761532e-05,0.01644204929471016,0.01035798154771328,157086.05936238915
221000,141440000,1.1148165867780335e-05,8.412092938669957e-06,0.015023807063698769,0.00960491318255663,157441.69700076897
221500,141760000,1.0662743079592474e-05,5.0706948968581855e-06,0.010261444374918938,0.006782354321330786,157797.90911989287
222000,142080000,1.1570760761969723e-05,1.5191282727755606e-05,0.01710866577923298,0.012395788915455341,158153.57487574406
222500,142400000,1.937541128427256e-05,7.930579158710316e-06,0.015086513943970203,0.012179605662822723,158509.78346097004
223000,142720000,1.1014365554729011e-05,1.0507665137993172e-05,0.013522733002901077,0.008327514864504337,158865.2422590414
223500,143040000,1.1638883734121919e-05,1.1857631761813536e-05,0.01642487570643425,0.010653410106897354,159221.23806168698
224000,143360000,1.120944489230169e-05,7.234237727971049e-06,0.012393826618790627,0.00773162767291069,159576.51868819632
224500,143680000,1.052744482876733e-05,1.1162994269398041e-05,0.01557522639632225,0.01025435421615839,159932.16348971426
225000,144000000,1.1311667549307458e-05,9.554763892083429e-06,0.012448523193597794,0.007593040354549885,160287.9004670633
225500,144320000,9.676226000010502e-06,9.935389243764803e-06,0.01595432125031948,0.00966355949640274,160644.44100841787
226000,144640000,1.1222009561606683e-05,7.527902198489755e-06,0.011774616315960884,0.007563269697129726,160999.74294130877
226500,144960000,1.0938269952021074e-05,7.152580110414419e-06,0.013435032218694687,0.008062578737735748,161355.9935879102
227000,145280000,1.1108009857707657e-05,7.990511221578345e-06,0.012648320756852627,0.00684685492888093,161711.72248100955
227500,145600000,1.0426383596495725e-05,8.909159987524617e-06,0.013221572153270245,0.008331085555255413,162068.1042521866
228000,145920000,1.0667889910109807e-05,1.0815267160069197e-05,0.013722032308578491,0.0076075270771980286,162424.51899180375
228500,146240000,1.0548387763265055e-05,5.671282451658044e-06,0.011646611616015434,0.007343471050262451,162781.73780950345
229000,146560000,9.914768270391505e-06,8.364248969883192e-06,0.012762810103595257,0.006865431554615498,163137.55130047072
229500,146880000,1.2000134120171424e-05,7.650858606211841e-06,0.013098791241645813,0.008500680327415466,163494.30446161237
230000,147200000,1.010783944366267e-05,7.590916084154742e-06,0.012684584595263004,0.007263704668730497,163850.52073997166
230500,147520000,1.1318967153783888e-05,1.1920746146643069e-05,0.015923652797937393,0.010886803269386292,164207.3123919135
231000,147840000,1.1092218301200774e-05,1.4217212083167396e-05,0.015909403562545776,0.010836152359843254,164562.56270790752
231500,148160000,1.2212151887069922e-05,1.1474702660052571e-05,0.013558035716414452,0.008634187281131744,164918.3514025621
232000,148480000,1.1721092960215174e-05,1.0640982509357855e-05,0.015505415387451649,0.009137512184679508,165274.112694717
232500,148800000,1.4259142517403234e-05,2.7608131858869456e-05,0.0190154779702425,0.010184163227677345,165630.0892325733
233000,149120000,9.905156730383169e-06,8.578434062656015e-06,0.012691397219896317,0.008433409966528416,165985.67168163136
233500,149440000,1.1925449143745936e-05,1.107880143536022e-05,0.015048583969473839,0.01005484163761139,166341.76552380435
234000,149760000,1.0765342267404776e-05,1.6233345377258956e-05,0.014439565129578114,0.008942738175392151,166697.29318917822
234500,150080000,1.0138117431779392e-05,7.555934644187801e-06,0.010903453454375267,0.005499487742781639,167053.57211004104
235000,150400000,1.0748945896921214e-05,7.928527338663116e-06,0.011445276439189911,0.006329245399683714,167409.76439017802
235500,150720000,1.0936265425698366e-05,8.951905329013243e-06,0.015874221920967102,0.01019546389579773,167766.0436137095
236000,151040000,9.88903957477305e-06,7.2194443418993615e-06,0.01217656210064888,0.007200923282653093,168121.81343256868
236500,151360000,8.975150194601156e-06,5.062291165813804e-06,0.011523766443133354,0.006861590780317783,168478.4185002204
237000,151680000,1.2353195415926166e-05,9.054238034877926e-06,0.013050422072410583,0.008622855879366398,168833.99569269828
237500,152000000,1.0047367140941788e-05,7.015185929049039e-06,0.013233238831162453,0.00909313466399908,169189.95322954562
238000,152320000,1.1063394595112186e-05,6.3343850342789665e-06,0.01152009516954422,0.006249372381716967,169545.43834719434
238500,152640000,1.1121900570287835e-05,6.830734491813928e-06,0.013276196084916592,0.008707038126885891,169903.03385498375
239000,152960000,1.1880782949447166e-05,6.347768248815555e-06,0.01059730164706707,0.005789709277451038,170259.134266261
239500,153280000,1.2181301826785784e-05,3.1705512810731307e-06,0.008694451302289963,0.004244308918714523,170615.27076026797
240000,153600000,1.256131236004876e-05,5.869917004019953e-06,0.010797259397804737,0.006158904172480106,170970.9762809109
240500,153920000,9.368811333843041e-06,1.4156929864839185e-05,0.016429126262664795,0.011188164353370667,171327.5036005862
241000,154240000,9.342875273432583e-06,7.675318556721322e-06,0.01303781382739544,0.008650736883282661,171682.8900136985
241500,154560000,1.0749263310572132e-05,8.732815331313759e-06,0.014461529441177845,0.008208228275179863,172039.0488572223
242000,154880000,1.0276408829668071e-05,7.730671313765924e-06,0.01325281709432602,0.00864508654922247,172394.4630951006
242500,155200000,1.165374578704359e-05,5.558197244681651e-06,0.010286718606948853,0.006406466942280531,172750.4753989745
243000,155520000,9.093767403101083e-06,1.2171293747087475e-05,0.014205213636159897,0.009160813875496387,173106.2949079452
243500,155840000,1.1323295439069625e-05,7.563896360807121e-06,0.012500052340328693,0.0076621831394732,173462.85886285733
244000,156160000,1.0801772987178992e-05,1.3460511581797618e-05,0.012586232274770737,0.008243563584983349,173819.14733509906
244500,156480000,1.1646988241409417e-05,1.991145109059289e-05,0.014685610309243202,0.009152043610811234,174175.53637549374
245000,156800000,9.541278814140242e-06,7.440115041390527e-06,0.013802122324705124,0.008220940828323364,174531.00258248486
245500,157120000,9.831554962147493e-06,8.039197382458951e-06,0.01334862969815731,0.008772812783718109,174887.94871326443
246000,157440000,1.097033509722678e-05,5.987581971567124e-06,0.010445138439536095,0.0065518999472260475,175243.7807614673
246500,157760000,9.667205631558318e-06,7.422255293931812e-06,0.01154207345098257,0.006280986592173576,175600.6171710873
247000,158080000,9.859220881480724e-06,8.304056791530456e-06,0.010877450928092003,0.006115410476922989,175956.54249224253
247500,158400000,9.433567356609274e-06,6.976787517487537e-06,0.012080496177077293,0.007259898819029331,176313.0389840547
248000,158720000,1.3227941053628456e-05,1.3147984645911492e-05,0.015480423346161842,0.009324721060693264,176669.01719008945
248500,159040000,9.510501513432246e-06,4.339253791840747e-06,0.009388551115989685,0.005309822969138622,177024.659190421
249000,159360000,1.039080507325707e-05,8.16451029095333e-06,0.01332927867770195,0.008335476741194725,177380.3178434875
249500,159680000,1.0938214472844265e-05,9.556911209074315e-06,0.013001300394535065,0.008203860372304916,177736.9519000575
250000,160000000,9.119711648963857e-06,5.991451416775817e-06,0.011852349154651165,0.007058654446154833,178092.95178910904
250500,160320000,1.2513410183601081e-05,9.726460120873526e-06,0.015452738851308823,0.009942745789885521,178449.54580046702
251000,160640000,1.2109654562664218e-05,9.537032383377664e-06,0.01417236216366291,0.009777960367500782,178804.907142709
251500,160960000,1.2279931070224848e-05,5.432200850918889e-06,0.01300771813839674,0.009797165170311928,179160.75623726286
252000,161280000,1.1645106496871449e-05,5.523468644241802e-06,0.01260392740368843,0.008463179692626,179516.44382945728
252500,161600000,1.1649070074781775e-05,1.0754794857348315e-05,0.012629414908587933,0.009270478039979935,179873.29457508028
253000,161920000,1.0124486834683921e-05,1.5542105757049285e-05,0.01544653344899416,0.010014437139034271,180229.69101627264
253500,162240000,9.984680218622088e-06,1.1398518836358562e-05,0.013331861235201359,0.008152676746249199,180587.22197465505
254000,162560000,1.0889772056543734e-05,6.349969225993846e-06,0.013300403021275997,0.007023632992058992,180943.48287945706
254500,162880000,9.724304618430324e-06,1.2699334547505714e-05,0.016778888180851936,0.011116674169898033,181299.1092304634
255000,163200000,8.589063327235635e-06,1.1357497896824498e-05,0.013619997538626194,0.008004014380276203,181654.59379554167
255500,163520000,1.0788397048600018e-05,1.238192999153398e-05,0.013128124177455902,0.007570831570774317,182010.79929306544
256000,163840000,9.547896297590341e-06,5.430250439530937e-06,0.012805555015802383,0.00717550702393055,182366.15921037924
256500,164160000,1.1538580110936891e-05,8.90064529812662e-06,0.013199608772993088,0.007904168218374252,182722.6748037925
257000,164480000,9.776856131793465e-06,1.0431224836793263e-05,0.013525309972465038,0.009317027404904366,183078.10828017443
257500,164800000,1.0747678061306942e-05,1.4213414033292793e-05,0.01788107119500637,0.012086177244782448,183434.46788102202
258000,165120000,9.202938599628396e-06,8.452723704976961e-06,0.013375173322856426,0.00975782424211502,183790.11139049567
258500,165440000,9.267590030503925e-06,1.2442769730114378e-05,0.013854306191205978,0.00819578766822815,184146.831925272
259000,165760000,1.1074324902438093e-05,1.0674424629542045e-05,0.01395210437476635,0.008271297439932823,184502.67543655448
259500,166080000,8.96695473784348e-06,7.49013815948274e-06,0.012501987628638744,0.008151886984705925,184858.97548602894
260000,166400000,1.1568160516617354e-05,5.028049145039404e-06,0.010822347365319729,0.005851510912179947,185214.6811347911
260500,166720000,9.485829650657251e-06,5.9246567616355605e-06,0.010234062559902668,0.006061077117919922,185571.39282159973
261000,167040000,1.091116155294003e-05,2.1103976905578747e-05,0.016614897176623344,0.010898694396018982,185926.9862831803
261500,167360000,9.630854947317857e-06,1.2402194442984182e-05,0.012650572694838047,0.0063676293939352036,186284.2138045961
262000,167680000,1.046906709234463e-05,1.2581635019159876e-05,0.015407834202051163,0.008966704830527306,186639.50652598124
262500,168000000,9.490124284639023e-06,9.152480743068736e-06,0.014565538614988327,0.010138735175132751,186995.24351522792
263000,168320000,9.209112249664031e-06,7.698004992562346e-06,0.01328448485583067,0.008247424848377705,187350.43063544296
263500,168640000,1.1062154044338968e-05,1.7087128071580082e-05,0.01594323292374611,0.009326905012130737,187705.8862624932
264000,168960000,9.047638741321862e-06,8.954657459980808e-06,0.012444458901882172,0.007302816491574049,188061.03687965218
264500,169280000,9.034235517901834e-06,9.660679097578395e-06,0.011148691177368164,0.005484452471137047,188417.39073338732
265000,169600000,8.847784556564875e-06,4.6880832087481394e-06,0.010660991072654724,0.00583963468670845,188772.83349954244
265500,169920000,8.642894499644171e-06,1.3072538422420621e-05,0.01578935608267784,0.010064573958516121,189128.92011349555
266000,170240000,9.605285413272213e-06,1.3274844604893588e-05,0.01458054780960083,0.00858957041054964,189483.76606725622
266500,170560000,8.90388764673844e-06,6.209989805938676e-06,0.01193357165902853,0.007189149037003517,189839.89468031377
267000,170880000,7.962120434967801e-06,1.0015596672019456e-05,0.014178397133946419,0.00847947970032692,190195.2410878716
267500,171200000,1.120100114349043e-05,1.0865422154893167e-05,0.012356318533420563,0.006928334943950176,190552.49749815091
268000,171520000,1.0483451660547871e-05,1.2240650903549977e-05,0.014544564299285412,0.008965376764535904,190909.6332611069
268500,171840000,9.058558134711348e-06,5.285437964630546e-06,0.01135808415710926,0.006982734426856041,191266.24505538028
269000,172160000,9.935245543601923e-06,1.1566628018044867e-05,0.01576773263514042,0.010813244618475437,191621.5711704325
269500,172480000,1.056357541528996e-05,7.849228495615534e-06,0.011258542537689209,0.006835576146841049,191977.70581606496
270000,172800000,1.0141458005819004e-05,7.324218586290954e-06,0.010655567049980164,0.0055809165351092815,192333.22386999987
270500,173120000,9.372310159960762e-06,1.1283504136372358e-05,0.013121248222887516,0.007333786226809025,192689.9761928534
271000,173440000,9.019556273415219e-06,1.0165195817535277e-05,0.014162768609821796,0.007906217128038406,193045.03949764185
271500,173760000,9.843216503213625e-06,8.448194421362132e-06,0.011314792558550835,0.006292037665843964,193401.40891181212
272000,174080000,9.791348020371515e-06,1.1888098015333526e-05,0.012207694351673126,0.006876615807414055,193757.31999801565
272500,174400000,1.038695791066857e-05,1.0461410056450404e-05,0.01332558412104845,0.008613664656877518,194113.69463688042
273000,174720000,1.0772981113404967e-05,1.57456161105074e-05,0.015961995348334312,0.009881574660539627,194468.7625551466
273500,175040000,1.0526826372370124e-05,7.669850674574263e-06,0.013357666321098804,0.008187024854123592,194824.60286075994
274000,175360000,8.940411134972237e-06,8.25871029519476e-06,0.013899718411266804,0.00859975628554821,195180.18939516507
274500,175680000,8.609663382230792e-06,9.67630694503896e-06,0.013466699048876762,0.007211524061858654,195537.52386619058
275000,176000000,1.0422879313409794e-05,1.6247016901616007e-05,0.01609119027853012,0.009107664227485657,195894.22196685616
275500,176320000,8.65185575094074e-06,6.862040208943654e-06,0.012602580711245537,0.007858571596443653,196251.32100951485
276000,176640000,7.75459011492785e-06,8.834681466396432e-06,0.013002287596464157,0.007746213581413031,196607.15134271234
276500,176960000,1.2585019248945173e-05,9.036118171934504e-06,0.013938063755631447,0.009317774325609207,196963.8151531471
277000,177280000,9.541477083985228e-06,9.960140232578851e-06,0.015944266691803932,0.011187809519469738,197319.84174286202
277500,177600000,9.807651622395497e-06,8.624676411272958e-06,0.014425652101635933,0.008913629688322544,197676.09305076487
278000,177920000,8.614785656391177e-06,6.726187166350428e-06,0.012555960565805435,0.008128657937049866,198031.56932262238
278500,178240000,1.2558713024191093e-05,7.559333425888326e-06,0.010205283761024475,0.0043954551219940186,198388.1087199282
279000,178560000,8.886361683835275e-06,8.126811735564843e-06,0.011929604224860668,0.0059753903187811375,198743.85210144613
279500,178880000,8.938638529798482e-06,8.454120688838884e-06,0.014215990900993347,0.009142262861132622,199100.60986080207
280000,179200000,9.057655915967189e-06,6.210276751517085e-06,0.01164761371910572,0.007533027790486813,199455.83209478576
280500,179520000,1.0131481758435257e-05,7.358680250035832e-06,0.011909546330571175,0.006218095310032368,199812.66834758315
281000,179840000,9.041252269526012e-06,3.772528998524649e-06,0.009581321850419044,0.004931863397359848,200168.18065831903
281500,180160000,8.258495654445142e-06,5.042035354563268e-06,0.011065566912293434,0.007149812765419483,200525.80002463516
282000,180480000,1.0558672329352703e-05,1.399085158482194e-05,0.014411933720111847,0.009249979630112648,200881.989279069
282500,180800000,9.653403139964212e-06,1.156471080321353e-05,0.014717184007167816,0.008593874052166939,201238.80708363932
283000,181120000,9.089832019526511e-06,8.448529115412384e-06,0.014218984171748161,0.008393604308366776,201594.52969951462
283500,181440000,8.730725312489085e-06,6.671087248832919e-06,0.011608412489295006,0.006321038119494915,201951.40948008187
284000,181760000,8.941235137172043e-06,5.95881647313945e-06,0.011439928784966469,0.007078946568071842,202307.84140647016
284500,182080000,9.233570381184109e-06,9.510142263025045e-06,0.013570410199463367,0.009067509323358536,202664.4087675549
285000,182400000,8.849346158967819e-06,4.423309292178601e-06,0.010286897420883179,0.0054336427710950375,203020.14570876025
285500,182720000,8.919097126636188e-06,1.1531061318237334e-05,0.011988343670964241,0.007805663160979748,203376.66110754106
286000,183040000,1.034153228829382e-05,8.281684131361544e-06,0.013615932315587997,0.008411860093474388,203732.5565556204
286500,183360000,8.246620382124092e-06,5.852062713529449e-06,0.011057613417506218,0.006019332446157932,204088.94974333607
287000,183680000,1.13418527689646e-05,6.135191597422818e-06,0.011119229719042778,0.006452751811593771,204444.43848559912
287500,184000000,9.861179933068343e-06,1.4922619811841287e-05,0.015303874388337135,0.010214364156126976,204800.70069345366
288000,184320000,9.499870429863222e-06,5.875320312043186e-06,0.010889887809753418,0.007232676260173321,205156.56684096158
288500,184640000,8.676404831930995e-06,6.692651368211955e-06,0.01187002845108509,0.007105912547558546,205513.94180403836
289000,184960000,1.084646828530822e-05,8.093416909105144e-06,0.012437406927347183,0.008041232824325562,205870.10161547922
289500,185280000,9.255866643798072e-06,4.9275727178610396e-06,0.010707956738770008,0.0058478061109781265,206226.83131618425
290000,185600000,9.508165931038093e-06,2.0550734916469082e-05,0.019174877554178238,0.012217135168612003,206582.021852253
290500,185920000,8.527745194442105e-06,1.0483836376806721e-05,0.013583430089056492,0.009240597486495972,206938.64761394728
291000,186240000,8.50821834319504e-06,7.752078090561554e-06,0.012240691110491753,0.007768293377012014,207293.63583284244
291500,186560000,1.0014092367782723e-05,7.220467068691505e-06,0.011210393160581589,0.006831923499703407,207650.23744585365
292000,186880000,8.521422387275379e-06,7.425977855746169e-06,0.01084296777844429,0.005247615277767181,208006.47066641971
292500,187200000,1.066292043105932e-05,9.425690222997218e-06,0.01505986787378788,0.008369346149265766,208362.5217039343
293000,187520000,8.986816283140797e-06,6.453540663642343e-06,0.011992499232292175,0.008722777478396893,208717.92078501452
293500,187840000,9.635939022700768e-06,9.360777767142281e-06,0.015009146183729172,0.009630227461457253,209074.4012020817
294000,188160000,8.747251740715e-06,1.0160028978134505e-05,0.015225699171423912,0.01073436252772808,209430.04153373186
294500,188480000,1.032025375025114e-05,2.102440339513123e-05,0.01812826097011566,0.012612871825695038,209786.70560515672
295000,188800000,1.0940272659354378e-05,6.113011750130681e-06,0.012149018235504627,0.006352867931127548,210142.72729360498
295500,189120000,8.810871804598719e-06,6.2523758970201015e-06,0.010504239238798618,0.005182361695915461,210499.40389989968
296000,189440000,9.284616680815816e-06,1.053992127708625e-05,0.014987889677286148,0.009858926758170128,210855.91870876215
296500,189760000,1.0054333870357368e-05,7.998532964847982e-06,0.011986047960817814,0.008096346631646156,211212.218749688
297000,190080000,1.0772441783046816e-05,1.1138270565425046e-05,0.014452381990849972,0.009286275133490562,211568.10349093936
297500,190400000,1.2044155482726637e-05,6.4691389525251e-06,0.011137483641505241,0.006863532122224569,211924.33744887728
298000,190720000,8.931883712648414e-06,5.03765022585867e-06,0.010394243523478508,0.0059908912517130375,212279.64460516255
298500,191040000,1.1378323506505694e-05,1.049353613780113e-05,0.01353695522993803,0.007490051444619894,212635.99805189949
299000,191360000,1.0387127986177802e-05,4.99246607432724e-06,0.010420484468340874,0.005955300759524107,212991.94564546365
299500,191680000,1.033738226396963e-05,7.262204235303216e-06,0.011571070179343224,0.005576694384217262,213348.77409130335
300000,192000000,9.655862413637806e-06,8.592842277721502e-06,0.01162670273333788,0.007488492410629988,213704.09992615134
