step,samples_seen,p_grid_relative_l2,p_area_relative_l2,p_rmse,p_relative_linf,latent_relative_l2,outer_dirichlet_max_abs,inner_flux_relative_l2,elapsed_seconds
1,640,22.363317489624023,26.341968536376953,1.0606533288955688,14.783382415771484,29.419790267944336,0.0,5.747206211090088,86.13493560347706
1000,640000,0.4117298126220703,0.48270970582962036,0.019527630880475044,0.2188456803560257,0.827551543712616,0.0,0.2341420203447342,799.1216529458761
2000,1280000,0.28378531336784363,0.353731244802475,0.013459445908665657,0.19838330149650574,0.5631449222564697,0.0,0.24704813957214355,1514.0748036568984
3000,1920000,0.4228077530860901,0.5228855609893799,0.020053038373589516,0.28271546959877014,0.8155157566070557,0.0,0.18081419169902802,2228.2582040810958
4000,2560000,0.20487500727176666,0.26320284605026245,0.009716866537928581,0.15552043914794922,0.6692566871643066,0.0,0.22540190815925598,2942.238793408498
5000,3200000,0.28844332695007324,0.3407905399799347,0.013680368661880493,0.17204084992408752,0.4390234053134918,0.0,0.20900769531726837,3656.21407884825
6000,3840000,0.10325934737920761,0.1313386857509613,0.004897411912679672,0.07608477771282196,0.30986613035202026,0.0,0.17589794099330902,4368.9603944392875
7000,4480000,0.14911200106143951,0.19119691848754883,0.007072123698890209,0.12206675112247467,0.3431542217731476,0.0,0.17485807836055756,5083.08997599408
8000,5120000,0.1423386186361313,0.16783368587493896,0.006750873755663633,0.09750383347272873,0.29926741123199463,0.0,0.20515060424804688,5794.489054418169
9000,5760000,0.2044992744922638,0.2541933059692383,0.009699046611785889,0.15462332963943481,0.365195631980896,0.0,0.18390542268753052,6506.585520455614
10000,6400000,0.25128400325775146,0.3045181930065155,0.011917965486645699,0.16607655584812164,0.3620834946632385,0.0,0.16659089922904968,7218.642179727554
11000,7040000,0.22272485494613647,0.270775705575943,0.01056345459073782,0.19862228631973267,0.48353686928749084,0.0,0.3485162854194641,7930.334916736931
12000,7680000,0.16492150723934174,0.20352068543434143,0.007821941748261452,0.11380515247583389,0.34425032138824463,0.0,0.22627407312393188,8642.528030562215
13000,8320000,0.18899711966514587,0.229950413107872,0.008963806554675102,0.14350852370262146,0.45765984058380127,0.0,0.21625196933746338,9354.66723933164
14000,8960000,0.10830144584178925,0.13388261198997498,0.005136549938470125,0.08961347490549088,0.27360329031944275,0.0,0.18786190450191498,10068.903595988639
15000,9600000,0.182326078414917,0.22424493730068207,0.008647410199046135,0.10874442011117935,0.404449999332428,0.0,0.17692528665065765,10779.842559067532
16000,10240000,0.14215393364429474,0.1874924600124359,0.006742115598171949,0.11348424851894379,0.3822905719280243,0.0,0.19740761816501617,11492.18013215065
17000,10880000,0.1319197714328766,0.15717986226081848,0.006256726570427418,0.09854114800691605,0.3494802713394165,0.0,0.1753971427679062,12204.080253810622
18000,11520000,0.1547807902097702,0.1835675835609436,0.007340984884649515,0.10771241039037704,0.283980131149292,0.0,0.18119770288467407,12916.02104801964
19000,12160000,0.14314141869544983,0.17304031550884247,0.006788949947804213,0.09638042002916336,0.31010371446609497,0.0,0.17746266722679138,13627.895205983892
20000,12800000,0.17063604295253754,0.19679929316043854,0.00809297151863575,0.1014651358127594,0.32432541251182556,0.0,0.1795772761106491,14339.395262149163
21000,13440000,0.23445767164230347,0.2769361138343811,0.011119921691715717,0.194644033908844,0.3833930194377899,0.0,0.1907239854335785,15052.645724723116
22000,14080000,0.10693519562482834,0.12216626852750778,0.005071750842034817,0.09580924361944199,0.18228742480278015,0.0,0.18411047756671906,15764.348666076548
23000,14720000,0.17174462974071503,0.21880127489566803,0.008145551197230816,0.12000590562820435,0.38253915309906006,0.0,0.20289352536201477,16476.13700616546
24000,15360000,0.19129104912281036,0.23486201465129852,0.009072603657841682,0.16837750375270844,0.42877233028411865,0.0,0.26213815808296204,17188.531007825397
25000,16000000,0.09501898288726807,0.12544678151607513,0.004506586119532585,0.058528926223516464,0.2571086287498474,0.0,0.16942156851291656,17899.974988222122
26000,16640000,0.11614300310611725,0.14414283633232117,0.005508461967110634,0.0798477903008461,0.2584594786167145,0.0,0.17490366101264954,18612.03150957916
27000,17280000,0.101058728992939,0.1224137544631958,0.004793040454387665,0.08400976657867432,0.17354802787303925,0.0,0.1752091944217682,19325.07910509687
28000,17920000,0.09489460289478302,0.11436909437179565,0.004500686656683683,0.060417626053094864,0.2348756641149521,0.0,0.17474998533725739,20038.51935151592
29000,18560000,0.062060266733169556,0.08210332691669464,0.00294341123662889,0.054071955382823944,0.19632841646671295,0.0,0.18162637948989868,20750.500176743604
30000,19200000,0.19586478173732758,0.24081315100193024,0.009289528243243694,0.11680380254983902,0.3327357769012451,0.0,0.18141160905361176,21462.451753327623
31000,19840000,0.08079978078603745,0.10088834911584854,0.003832194022834301,0.06117389351129532,0.2236793041229248,0.0,0.1780877262353897,22174.718272663653
32000,20480000,0.13215839862823486,0.1656855046749115,0.006268044468015432,0.09662439674139023,0.29287266731262207,0.0,0.20705454051494598,22886.543686238118
33000,21120000,0.14456725120544434,0.1845288723707199,0.006856574211269617,0.09732134640216827,0.27688443660736084,0.0,0.18179315328598022,23598.642261525616
34000,21760000,0.14904338121414185,0.18839384615421295,0.007068869657814503,0.10573483258485794,0.3113919794559479,0.0,0.17244628071784973,24312.72244948242
35000,22400000,0.08472350239753723,0.1095646396279335,0.004018289037048817,0.06502708047628403,0.2085147351026535,0.0,0.17888714373111725,25026.982512237504
36000,23040000,0.07318707555532455,0.09878172725439072,0.003471136325970292,0.06338319927453995,0.18925000727176666,0.0,0.1801736056804657,25739.00454590842
37000,23680000,0.20514875650405884,0.2530142366886139,0.00972985103726387,0.12089136242866516,0.36286473274230957,0.0,0.16347065567970276,26451.258018424734
38000,24320000,0.11262058466672897,0.1296054571866989,0.00534139946103096,0.0765058621764183,0.19279608130455017,0.0,0.1753942370414734,27162.9105674671
39000,24960000,0.06531363725662231,0.08127329498529434,0.0030977127607911825,0.03844526410102844,0.14990851283073425,0.0,0.17874197661876678,27875.279374365695
40000,25600000,0.11516445875167847,0.1344997137784958,0.005462050903588533,0.07157064229249954,0.1915871798992157,0.0,0.19126401841640472,28587.44100384228
41000,26240000,0.12903530895709991,0.16241973638534546,0.006119921337813139,0.0988389253616333,0.23753029108047485,0.0,0.17296059429645538,29300.473800556734
42000,26880000,0.10097021609544754,0.13127769529819489,0.0047888425178825855,0.07633379846811295,0.29540714621543884,0.0,0.18044547736644745,30015.70365943387
43000,27520000,0.039764080196619034,0.05272569879889488,0.001885941601358354,0.028125284239649773,0.12037142366170883,0.0,0.1805594563484192,30727.718573038466
44000,28160000,0.048609379678964615,0.05920248106122017,0.002305458765476942,0.031186435371637344,0.14265161752700806,0.0,0.1649830937385559,31439.630686187185
45000,28800000,0.04787532612681389,0.05657472461462021,0.0022706438321620226,0.037425555288791656,0.11119794100522995,0.0,0.17429177463054657,32151.03526330553
46000,29440000,0.06359534710645676,0.07805581390857697,0.0030162171460688114,0.038266316056251526,0.15033963322639465,0.0,0.1721782088279724,32862.96754502319
47000,30080000,0.12137486040592194,0.13704708218574524,0.0057565998286008835,0.10150611400604248,0.24574550986289978,0.0,0.17018137872219086,33575.021040474065
48000,30720000,0.06214114651083946,0.08031831681728363,0.0029472471214830875,0.04248075187206268,0.1450953185558319,0.0,0.17619022727012634,34286.3171489276
49000,31360000,0.08420705050230026,0.10806948691606522,0.003993794787675142,0.06718996167182922,0.19666056334972382,0.0,0.18006150424480438,34999.75703478325
50000,32000000,0.10936196893453598,0.1349441409111023,0.005186849273741245,0.06587372720241547,0.1675233095884323,0.0,0.17583398520946503,35711.58823865373
51000,32640000,0.7823220491409302,0.8862916231155396,0.037104181945323944,0.7405633330345154,1.2479133605957031,0.0,0.3380640745162964,36423.4055122463
52000,33280000,0.05541495978832245,0.07174225896596909,0.0026282356120646,0.04201771691441536,0.19504548609256744,0.0,0.17976006865501404,37134.6497082524
53000,33920000,0.08670789003372192,0.10884805768728256,0.004112405236810446,0.06692913174629211,0.1714078038930893,0.0,0.1733182817697525,37846.03212807421
54000,34560000,0.07585575431585312,0.09397739171981812,0.0035977070219814777,0.05289190635085106,0.1709699183702469,0.0,0.17510457336902618,38557.75176347606
55000,35200000,0.08132879436016083,0.09953203797340393,0.0038572840858250856,0.051216524094343185,0.14650826156139374,0.0,0.16823919117450714,39270.116686582565
56000,35840000,0.0974309891462326,0.11473177373409271,0.004620983265340328,0.07496003806591034,0.19325312972068787,0.0,0.1680150032043457,39982.15251142811
57000,36480000,0.059430547058582306,0.08000191301107407,0.002818688051775098,0.04278464615345001,0.14338797330856323,0.0,0.17660397291183472,40695.08100343309
58000,37120000,0.06508792191743851,0.0809231847524643,0.0030870074406266212,0.04286278039216995,0.12948189675807953,0.0,0.16560222208499908,41407.553200675175
59000,37760000,0.057737261056900024,0.0713513121008873,0.0027383784763514996,0.03616040572524071,0.13465772569179535,0.0,0.1749662607908249,42119.89123409893
60000,38400000,0.0740663930773735,0.09018708765506744,0.003512841183692217,0.05486639589071274,0.14882901310920715,0.0,0.18461132049560547,42832.03203636315
61000,39040000,0.0938548594713211,0.10705986618995667,0.004451373592019081,0.07219623029232025,0.16091197729110718,0.0,0.19844885170459747,43544.83778707124
62000,39680000,0.07952020317316055,0.09147726744413376,0.0037715057842433453,0.0647355318069458,0.13738812506198883,0.0,0.17083890736103058,44256.502371309325
63000,40320000,0.07420073449611664,0.09887751191854477,0.0035192123614251614,0.04872611165046692,0.17997407913208008,0.0,0.18446607887744904,44969.13207102008
64000,40960000,0.06912300735712051,0.0859394297003746,0.0032783846836537123,0.061310045421123505,0.1792030781507492,0.0,0.16354262828826904,45680.76352558192
65000,41600000,0.03883250802755356,0.05093910172581673,0.0018417587270960212,0.026277881115674973,0.13254401087760925,0.0,0.1744905263185501,46392.30136924889
66000,42240000,0.12388748675584793,0.1417306810617447,0.005875769071280956,0.1051633358001709,0.20598655939102173,0.0,0.1925383061170578,47104.68442083802
67000,42880000,0.07542554289102554,0.0936964750289917,0.0035773031413555145,0.05306581035256386,0.14694632589817047,0.0,0.19357769191265106,47816.1068688957
68000,43520000,0.08332669734954834,0.0957321897149086,0.0039520408026874065,0.07329389452934265,0.12840251624584198,0.0,0.1788039356470108,48528.030899366364
69000,44160000,0.04055947810411453,0.054386384785175323,0.0019236658699810505,0.03341681510210037,0.11401709169149399,0.0,0.17382587492465973,49240.144922823645
70000,44800000,0.045474566519260406,0.06155315414071083,0.0021567801013588905,0.031243175268173218,0.12848970293998718,0.0,0.17817457020282745,49951.091641530395
71000,45440000,0.07465013116598129,0.08948314189910889,0.003540526842698455,0.051077939569950104,0.12357828766107559,0.0,0.17540743947029114,50663.755941838026
72000,46080000,0.036068838089704514,0.04751859977841377,0.0017106827581301332,0.026911623775959015,0.1024266853928566,0.0,0.16576410830020905,51375.42148477025
73000,46720000,0.11296200752258301,0.14294445514678955,0.005357592366635799,0.07635528594255447,0.2318718433380127,0.0,0.16704314947128296,52086.995800084434
74000,47360000,0.05838646739721298,0.07599819451570511,0.002769168931990862,0.039580073207616806,0.1467551589012146,0.0,0.17687834799289703,52798.5941213239
75000,48000000,0.08282234519720078,0.09928933531045914,0.003928120248019695,0.0443936362862587,0.14346641302108765,0.0,0.18161112070083618,53509.85321844369
76000,48640000,0.13345076143741608,0.15849505364894867,0.0063293385319411755,0.10605692863464355,0.2060379981994629,0.0,0.17644084990024567,54221.32923553791
77000,49280000,0.0763554573059082,0.09437083452939987,0.0036214073188602924,0.05135682597756386,0.1689206212759018,0.0,0.16982097923755646,54935.351664278656
78000,49920000,0.03402002900838852,0.04533233866095543,0.0016135111218318343,0.02555893547832966,0.09715228527784348,0.0,0.16783837974071503,55647.66464497708
79000,50560000,0.069688580930233,0.08600203692913055,0.0033052091021090746,0.049903713166713715,0.14477063715457916,0.0,0.16398285329341888,56359.39539968502
80000,51200000,0.07113632559776306,0.08395617455244064,0.0033738731872290373,0.08680713176727295,0.16208237409591675,0.0,0.1927756369113922,57071.226949349046
81000,51840000,0.11090344190597534,0.1371355652809143,0.005259958561509848,0.07518982887268066,0.2271449714899063,0.0,0.15171030163764954,57782.831954173744
82000,52480000,0.07425076514482498,0.08857704699039459,0.003521585138514638,0.05031294375658035,0.13621537387371063,0.0,0.17648571729660034,58494.586977864616
83000,53120000,0.0669272243976593,0.07996758818626404,0.0031742423307150602,0.046753380447626114,0.12251090258359909,0.0,0.17871659994125366,59205.66513513215
84000,53760000,0.0593976192176342,0.0819796547293663,0.0028171262238174677,0.03908669203519821,0.15255679190158844,0.0,0.17899274826049805,59918.11475123465
85000,54400000,0.045159004628658295,0.05822843313217163,0.002141813514754176,0.027430478483438492,0.12188068777322769,0.0,0.16883981227874756,60629.93419961259
86000,55040000,0.07819702476263046,0.09039569646120071,0.003708749543875456,0.07364997267723083,0.17049342393875122,0.0,0.16390077769756317,61341.63516754471
87000,55680000,0.06254491955041885,0.07852976024150848,0.0029663974419236183,0.0500914603471756,0.13063140213489532,0.0,0.17390969395637512,62053.66804272495
88000,56320000,0.04497744143009186,0.05478870868682861,0.0021332022733986378,0.03356475755572319,0.10293556749820709,0.0,0.1794244349002838,62765.846078432165
89000,56960000,0.03495045006275177,0.04514732211828232,0.0016576393973082304,0.029315179213881493,0.09746899455785751,0.0,0.17526748776435852,63477.42134150397
90000,57600000,0.047935545444488525,0.0646427720785141,0.0022734999656677246,0.03223176673054695,0.1124749705195427,0.0,0.17537228763103485,64189.05749320425
91000,58240000,0.10223684459924698,0.1225132867693901,0.004848916549235582,0.06764746457338333,0.15054751932621002,0.0,0.173569455742836,64901.08506295737
92000,58880000,0.058874234557151794,0.07132858037948608,0.002792303217574954,0.03334296867251396,0.12386225908994675,0.0,0.17642688751220703,65613.75487997755
93000,59520000,0.03353819251060486,0.04243049770593643,0.0015906584449112415,0.024089407175779343,0.08216696977615356,0.0,0.17348088324069977,66325.25932788942
94000,60160000,0.04106343165040016,0.04807908460497856,0.001947567448951304,0.029438097029924393,0.08785729855298996,0.0,0.1753944605588913,67036.53425701708
95000,60800000,0.056161534041166306,0.07760415226221085,0.0026636444963514805,0.04703205078840256,0.16156016290187836,0.0,0.17802904546260834,67748.14296238776
96000,61440000,0.04473632574081421,0.058831702917814255,0.0021217663306742907,0.03703085333108902,0.12902556359767914,0.0,0.17767015099525452,68459.95175044425
97000,62080000,0.04835939034819603,0.05880407616496086,0.0022936020977795124,0.03262731060385704,0.09667019546031952,0.0,0.17378319799900055,69170.4064760236
98000,62720000,0.0486891083419323,0.0615571103990078,0.0023092401679605246,0.038666971027851105,0.12025655806064606,0.0,0.17473167181015015,69881.36397111043
99000,63360000,0.042150527238845825,0.04855808988213539,0.001999126747250557,0.026685576885938644,0.08368241041898727,0.0,0.17421430349349976,70591.69322313089
100000,64000000,0.08700840920209885,0.09947924315929413,0.004126658197492361,0.06798066943883896,0.1458146870136261,0.0,0.16989216208457947,71302.3724332694
101000,64640000,0.05207416042685509,0.062408920377492905,0.002469787374138832,0.03537615388631821,0.09783590584993362,0.0,0.17817068099975586,72014.17021074612
102000,65280000,0.04930698499083519,0.05808460712432861,0.002338545164093375,0.037233784794807434,0.11596808582544327,0.0,0.16572940349578857,72725.22237510048
103000,65920000,0.033669743686914444,0.04181572049856186,0.001596897724084556,0.025270123034715652,0.09077723324298859,0.0,0.17781637609004974,73435.27157456987
104000,66560000,0.0707070380449295,0.08248346298933029,0.00335351238027215,0.05639681592583656,0.12329096347093582,0.0,0.18147936463356018,74145.76359932031
105000,67200000,0.047208789736032486,0.0603492446243763,0.0022390312515199184,0.036076802760362625,0.10662520676851273,0.0,0.1717291623353958,74857.60134107992
106000,67840000,0.06817743927240372,0.07912386208772659,0.0032335377763956785,0.04250059649348259,0.12377119809389114,0.0,0.1766890287399292,75569.60763515905
107000,68480000,0.045999858528375626,0.056123070418834686,0.002181693911552429,0.03316149115562439,0.1150345429778099,0.0,0.1733333021402359,76280.78032080736
108000,69120000,0.08881425857543945,0.11124788969755173,0.004212306346744299,0.057884640991687775,0.16921170055866241,0.0,0.15845957398414612,76993.08103163633
109000,69760000,0.03407533839344978,0.04343250021338463,0.0016161344246938825,0.024623198434710503,0.07580406963825226,0.0,0.16925053298473358,77704.40416515339
110000,70400000,0.03871674835681915,0.04497683048248291,0.001836268464103341,0.026668472215533257,0.08665445446968079,0.0,0.17469751834869385,78416.57186373044
111000,71040000,0.04850633442401886,0.05702759325504303,0.0023005716502666473,0.035974182188510895,0.0859481692314148,0.0,0.16793137788772583,79127.28860142455
112000,71680000,0.0876927524805069,0.10158251971006393,0.004159115720540285,0.06316850334405899,0.16942285001277924,0.0,0.1731286197900772,79840.6714286143
113000,72320000,0.02864374779164791,0.03706010803580284,0.0013585233828052878,0.0204655509442091,0.0835447907447815,0.0,0.17093807458877563,80554.52303368412
114000,72960000,0.05522675812244415,0.06321431696414948,0.0026193095836788416,0.03456335514783859,0.10764861851930618,0.0,0.1714787781238556,81266.66612925753
115000,73600000,0.03147949278354645,0.03715177997946739,0.001493017771281302,0.029399387538433075,0.07344737648963928,0.0,0.16948767006397247,81978.7433842523
116000,74240000,0.042691390961408615,0.049894340336322784,0.002024778863415122,0.029013749212026596,0.09367580711841583,0.0,0.17126424610614777,82689.819295845
117000,74880000,0.03974328562617302,0.052117884159088135,0.0018849553307518363,0.024205150082707405,0.09345544129610062,0.0,0.16732601821422577,83401.61147748027
118000,75520000,0.028385426849126816,0.03563385084271431,0.0013462716015055776,0.020829452201724052,0.0749155804514885,0.0,0.16955870389938354,84113.2600669954
119000,76160000,0.045827653259038925,0.05529213696718216,0.0021735262125730515,0.030539026483893394,0.08483252674341202,0.0,0.17122158408164978,84825.61999357492
120000,76800000,0.039644598960876465,0.05180102959275246,0.0018802747363224626,0.030125340446829796,0.10069040954113007,0.0,0.1723901331424713,85537.12332291249
121000,77440000,0.044459763914346695,0.0523512102663517,0.00210864981636405,0.030712172389030457,0.082406185567379,0.0,0.17554397881031036,86250.82057767734
122000,78080000,0.0565125048160553,0.06830703467130661,0.0026802902575582266,0.03834107518196106,0.1017853245139122,0.0,0.1689857393503189,86963.01378517039
123000,78720000,0.05597320944070816,0.06345605850219727,0.002654712414368987,0.042004525661468506,0.09660141915082932,0.0,0.17518334090709686,87674.4952605823
124000,79360000,0.02052840031683445,0.02598446048796177,0.0009736265637911856,0.016278428956866264,0.06549600511789322,0.0,0.17350737750530243,88386.8507448202
125000,80000000,0.04163039103150368,0.05295511707663536,0.001974457409232855,0.02682051807641983,0.09174537658691406,0.0,0.17403793334960938,89099.49048095103
126000,80640000,0.018796591088175774,0.02364683896303177,0.0008914898498915136,0.0165057722479105,0.07163576781749725,0.0,0.16778120398521423,89810.93957515154
127000,81280000,0.022550197318196297,0.026861531659960747,0.0010695168748497963,0.01618165709078312,0.0737830251455307,0.0,0.1745191067457199,90524.77932622656
128000,81920000,0.07858466356992722,0.09055662900209427,0.0037271345499902964,0.052083343267440796,0.1408054083585739,0.0,0.17261461913585663,91234.55767007638
129000,82560000,0.06308247894048691,0.07010474056005478,0.0029918928630650043,0.046440593898296356,0.10737035423517227,0.0,0.17197243869304657,91946.18338471465
130000,83200000,0.036845751106739044,0.04195324331521988,0.001747530186548829,0.029014937579631805,0.08284515142440796,0.0,0.1712293028831482,92657.25896910857
131000,83840000,0.03228698670864105,0.03676512464880943,0.0015313158510252833,0.02950647473335266,0.07226019352674484,0.0,0.1739455759525299,93370.26345387753
132000,84480000,0.02536727301776409,0.03226856142282486,0.0012031258083879948,0.016593635082244873,0.07794872671365738,0.0,0.17700375616550446,94082.16558890045
133000,85120000,0.028391433879733086,0.03485598415136337,0.00134655658621341,0.02087506465613842,0.07860054075717926,0.0,0.16751572489738464,94792.60008146893
134000,85760000,0.03415260463953018,0.0423847958445549,0.0016197989461943507,0.024258818477392197,0.09019804000854492,0.0,0.17200320959091187,95505.32574593928
135000,86400000,0.03815450891852379,0.04707413166761398,0.0018096022540703416,0.030677858740091324,0.11301527172327042,0.0,0.16852247714996338,96216.42538088653
136000,87040000,0.031940244138240814,0.037716735154390335,0.0015148705570027232,0.031070785596966743,0.07940112054347992,0.0,0.16448210179805756,96929.61772075761
137000,87680000,0.04196176677942276,0.05326477810740471,0.0019901739433407784,0.024443235248327255,0.08549892902374268,0.0,0.17342153191566467,97642.1227593096
138000,88320000,0.031243199482560158,0.0383467823266983,0.0014818109339103103,0.019123166799545288,0.08157705515623093,0.0,0.17843246459960938,98354.79977045022
139000,88960000,0.03382059559226036,0.03762202709913254,0.001604052260518074,0.02407768741250038,0.08103563636541367,0.0,0.17226430773735046,99067.23153934255
140000,89600000,0.02381640300154686,0.03261502459645271,0.001129570766352117,0.018413200974464417,0.07681576162576675,0.0,0.17330311238765717,99777.0593130095
141000,90240000,0.020500894635915756,0.026014138013124466,0.0009723219554871321,0.01820221170783043,0.07150232046842575,0.0,0.1758638471364975,100489.7740540402
142000,90880000,0.03361756354570389,0.04016606882214546,0.0015944228507578373,0.030907949432730675,0.07261063158512115,0.0,0.17789115011692047,101200.65531568043
143000,91520000,0.04725199565291405,0.051314253360033035,0.002241080394014716,0.04218174144625664,0.08542050421237946,0.0,0.1769232302904129,101912.56505168416
144000,92160000,0.04816819727420807,0.05884742736816406,0.002284534042701125,0.03596534952521324,0.09844763576984406,0.0,0.17650355398654938,102624.71212183312
145000,92800000,0.04858275130391121,0.05677339434623718,0.0023041958920657635,0.02776016853749752,0.08759630471467972,0.0,0.17695622146129608,103335.74748050515
146000,93440000,0.033602871000766754,0.03726186975836754,0.001593726105056703,0.0261793565005064,0.08322837948799133,0.0,0.17491942644119263,104047.47094869707
147000,94080000,0.037741851061582565,0.045163702219724655,0.001790030742995441,0.02101856842637062,0.07494322210550308,0.0,0.17663487792015076,104757.88328175619
148000,94720000,0.04669678583741188,0.05489400401711464,0.002214747713878751,0.035654790699481964,0.10365436971187592,0.0,0.1697070449590683,105471.74703324493
149000,95360000,0.03319285437464714,0.04530983790755272,0.0015742797404527664,0.02265000343322754,0.10630813241004944,0.0,0.1711788773536682,106185.5673113633
150000,96000000,0.0461302176117897,0.05279092490673065,0.002187876496464014,0.03410987928509712,0.084314726293087,0.0,0.17746606469154358,106897.40409217589
151000,96640000,0.04453910142183304,0.05472560599446297,0.00211241259239614,0.02905641496181488,0.10344240814447403,0.0,0.17165587842464447,107609.04823073372
152000,97280000,0.04303177073597908,0.04989922419190407,0.0020409226417541504,0.03334915265440941,0.08537393063306808,0.0,0.1723840832710266,108319.12517774291
153000,97920000,0.021469755098223686,0.026674283668398857,0.001018273294903338,0.01721697673201561,0.06833348423242569,0.0,0.1711537390947342,109030.72157960292
154000,98560000,0.026807989925146103,0.03100796975195408,0.001271456596441567,0.028981851413846016,0.0875302255153656,0.0,0.17569255828857422,109744.12937121559
155000,99200000,0.0370456837117672,0.041790176182985306,0.0017570126801729202,0.03080793283879757,0.08433236926794052,0.0,0.17393696308135986,110456.78018573765
156000,99840000,0.036331795156002045,0.04016338661313057,0.001723154098726809,0.029872803017497063,0.08432269841432571,0.0,0.17652468383312225,111170.02311880607
157000,100480000,0.027845434844493866,0.0335984081029892,0.0013206606963649392,0.019733047112822533,0.0765538290143013,0.0,0.17339162528514862,111882.44626520574
158000,101120000,0.039207033812999725,0.04703616350889206,0.0018595218425616622,0.030801163986325264,0.0977550745010376,0.0,0.1748279184103012,112595.13294569217
159000,101760000,0.032351136207580566,0.038965702056884766,0.001534358598291874,0.023069722577929497,0.08255097270011902,0.0,0.17315873503684998,113307.07877569087
160000,102400000,0.04576839506626129,0.05249183997511864,0.0021707157138735056,0.03871704638004303,0.08489436656236649,0.0,0.17759299278259277,114018.73945730273
161000,103040000,0.02529027685523033,0.031313054263591766,0.0011994739761576056,0.018987545743584633,0.08869479596614838,0.0,0.1745196133852005,114730.91748206038
162000,103680000,0.05132333189249039,0.0642915815114975,0.0024341768585145473,0.029158031567931175,0.10159721970558167,0.0,0.1770288348197937,115442.82210447546
163000,104320000,0.028403738513588905,0.03141387552022934,0.0013471401762217283,0.024885641410946846,0.06758113205432892,0.0,0.17100848257541656,116154.77057439554
164000,104960000,0.018748145550489426,0.022139042615890503,0.0008891921606846154,0.016759173944592476,0.05736880749464035,0.0,0.17284734547138214,116867.15886642598
165000,105600000,0.03225628286600113,0.03914475813508034,0.0015298596117645502,0.023131776601076126,0.07979032397270203,0.0,0.17454545199871063,117577.57886908762
166000,106240000,0.028528161346912384,0.03599919006228447,0.0013530413853004575,0.02060702256858349,0.07273118197917938,0.0,0.17822900414466858,118288.71328296512
167000,106880000,0.046243052929639816,0.05475447326898575,0.0021932281088083982,0.0311998650431633,0.09428964555263519,0.0,0.17747937142848969,119000.95358057786
168000,107520000,0.03526050224900246,0.04210556298494339,0.0016723446315154433,0.02289765328168869,0.08568862080574036,0.0,0.17222052812576294,119713.04129475076
169000,108160000,0.036351341754198074,0.04208802431821823,0.001724081113934517,0.02496703714132309,0.07879266142845154,0.0,0.17920581996440887,120425.92880963068
170000,108800000,0.025491876527667046,0.030528798699378967,0.0012090356322005391,0.01740448735654354,0.07379523664712906,0.0,0.1735665649175644,121137.63378669322
171000,109440000,0.0338858962059021,0.03846116364002228,0.0016071493737399578,0.02338036522269249,0.07341578602790833,0.0,0.17668235301971436,121848.74690013286
172000,110080000,0.031038468703627586,0.035391516983509064,0.0014721008483320475,0.022739140316843987,0.071595199406147,0.0,0.17587152123451233,122561.24611323792
173000,110720000,0.019761085510253906,0.024482451379299164,0.0009372341446578503,0.015875186771154404,0.06048709154129028,0.0,0.1737907975912094,123272.53972760774
174000,111360000,0.03956889361143112,0.042906757444143295,0.0018766841385513544,0.028907397761940956,0.08472792059183121,0.0,0.17224308848381042,123984.74321936443
175000,112000000,0.04335734620690346,0.05209296569228172,0.0020563637372106314,0.031470999121665955,0.08764395862817764,0.0,0.16812066733837128,124695.87322305609
176000,112640000,0.0399169921875,0.044095348566770554,0.0018931938102468848,0.03375682979822159,0.0837305411696434,0.0,0.17839078605175018,125407.57670798991
177000,113280000,0.02139362320303917,0.02625119313597679,0.0010146625572815537,0.017169401049613953,0.06775499880313873,0.0,0.17792394757270813,126118.9939817451
178000,113920000,0.01656852290034294,0.021887589246034622,0.0007858164026401937,0.013784771785140038,0.0648869127035141,0.0,0.1725577712059021,126831.05157402437
179000,114560000,0.028621481731534004,0.031762152910232544,0.0013574673794209957,0.02044498547911644,0.07689796388149261,0.0,0.17814894020557404,127543.78213992435
180000,115200000,0.029618408530950546,0.03433419391512871,0.0014047499280422926,0.02477407641708851,0.08029572665691376,0.0,0.1725115031003952,128256.68238712661
181000,115840000,0.026269223541021347,0.02887852117419243,0.0012459037825465202,0.022364163771271706,0.06170260161161423,0.0,0.1764972060918808,128969.30106608942
182000,116480000,0.029167963191866875,0.03284602239727974,0.0013833859702572227,0.02547483518719673,0.06687673181295395,0.0,0.1771295815706253,129681.04414665606
183000,117120000,0.01699487306177616,0.021554794162511826,0.0008060374530032277,0.012042324990034103,0.06517260521650314,0.0,0.17567957937717438,130392.35785921663
184000,117760000,0.02598385140299797,0.030309466645121574,0.0012323691044002771,0.02465333417057991,0.0719611868262291,0.0,0.17739638686180115,131103.99302053265
185000,118400000,0.053486570715904236,0.06005403771996498,0.0025367755442857742,0.039238642901182175,0.08788856863975525,0.0,0.17414242029190063,131815.1004936481
186000,119040000,0.038541655987501144,0.04173911362886429,0.0018279640935361385,0.027047883719205856,0.08741985261440277,0.0,0.17332343757152557,132526.90993924346
187000,119680000,0.025951974093914032,0.029463112354278564,0.0012308572186157107,0.024770552292466164,0.06923047453165054,0.0,0.1774713695049286,133239.50709694624
188000,120320000,0.0367620587348938,0.04110913351178169,0.001743560889735818,0.028548941016197205,0.08264223486185074,0.0,0.17346639931201935,133951.0155773461
189000,120960000,0.028615279123187065,0.031427908688783646,0.001357173197902739,0.023710107430815697,0.07056786864995956,0.0,0.1715458631515503,134663.13475997467
190000,121600000,0.027906326577067375,0.033400122076272964,0.0013235487276688218,0.020208019763231277,0.0856436938047409,0.0,0.17374078929424286,135375.79877110664
191000,122240000,0.03208788111805916,0.03589222952723503,0.0015218727057799697,0.02615068294107914,0.06773843616247177,0.0,0.1737760752439499,136087.6253675064
192000,122880000,0.021292073652148247,0.02452484890818596,0.0010098462225869298,0.016158215701580048,0.06493137776851654,0.0,0.17705945670604706,136798.93532777112
193000,123520000,0.02894706279039383,0.03241551294922829,0.0013729090569540858,0.025012405589222908,0.06524010002613068,0.0,0.17317567765712738,137510.78368203342
194000,124160000,0.019690677523612976,0.021861828863620758,0.0009338947711512446,0.018974484875798225,0.058432161808013916,0.0,0.17478697001934052,138222.45778318215
195000,124800000,0.0535624697804451,0.05989808961749077,0.0025403753388673067,0.03618532046675682,0.08821829408407211,0.0,0.1770942509174347,138932.78505869862
196000,125440000,0.030425703153014183,0.03341098502278328,0.0014430383453145623,0.025412987917661667,0.07057753950357437,0.0,0.1731194257736206,139643.31129517686
197000,126080000,0.03932945430278778,0.04237184301018715,0.0018653280567377806,0.02783122844994068,0.07484312355518341,0.0,0.17229510843753815,140354.6025277339
198000,126720000,0.039852604269981384,0.0455888956785202,0.0018901401199400425,0.030430879443883896,0.0799752026796341,0.0,0.1772976815700531,141068.74290279485
199000,127360000,0.02724909596145153,0.02963770367205143,0.0012923774775117636,0.02465018816292286,0.06782782077789307,0.0,0.17340056598186493,141782.04773736838
200000,128000000,0.020062288269400597,0.021951822564005852,0.0009515196434222162,0.01607210375368595,0.06035389378666878,0.0,0.17494513094425201,142493.03245230298
201000,128640000,0.027601948007941246,0.03159737586975098,0.0013091126456856728,0.02227441966533661,0.06889825314283371,0.0,0.1720917820930481,143204.0652752947
202000,129280000,0.023477455601096153,0.02706991508603096,0.0011134950909763575,0.019558273255825043,0.0604189857840538,0.0,0.17586824297904968,143915.27166098263
203000,129920000,0.028480300679802895,0.03155094385147095,0.001350771519355476,0.02578643150627613,0.06671696156263351,0.0,0.17455191910266876,144625.34225853533
204000,130560000,0.02579192817211151,0.028851855546236038,0.001223266590386629,0.02641889825463295,0.06382780522108078,0.0,0.17302463948726654,145336.81343053002
205000,131200000,0.01741570234298706,0.020470835268497467,0.000825996627099812,0.013049770146608353,0.0616934597492218,0.0,0.1728883981704712,146048.67924008612
206000,131840000,0.024962959811091423,0.02969309687614441,0.0011839499929919839,0.018692970275878906,0.0650092214345932,0.0,0.172230064868927,146760.58887611236
207000,132480000,0.025569215416908264,0.02793619967997074,0.0012127036461606622,0.022137878462672234,0.06062943488359451,0.0,0.17410780489444733,147471.8908726694
208000,133120000,0.030021613463759422,0.03431994095444679,0.0014238731237128377,0.028278864920139313,0.0686555951833725,0.0,0.17630961537361145,148184.62570939306
209000,133760000,0.026898110285401344,0.02985376864671707,0.0012757307849824429,0.022249074652791023,0.0699780210852623,0.0,0.17348025739192963,148896.67013394088
210000,134400000,0.021221322938799858,0.024733850732445717,0.0010064905509352684,0.01673703081905842,0.06360102444887161,0.0,0.17610959708690643,149607.9674204467
211000,135040000,0.03420644253492355,0.037666160613298416,0.0016223525162786245,0.025999609380960464,0.0728878304362297,0.0,0.17163801193237305,150319.81258003693
212000,135680000,0.02226109430193901,0.02767372503876686,0.0010558052454143763,0.016639545559883118,0.0630873367190361,0.0,0.17459771037101746,151029.02159622218
213000,136320000,0.025848781690001488,0.02868904173374176,0.0012259630020707846,0.0218804981559515,0.05763647332787514,0.0,0.17721323668956757,151740.0301717976
214000,136960000,0.03634878993034363,0.040898945182561874,0.0017239601584151387,0.03240889683365822,0.07738025486469269,0.0,0.18607904016971588,152451.24146712106
215000,137600000,0.03138753026723862,0.03551692143082619,0.0014886562712490559,0.026701970025897026,0.0684063583612442,0.0,0.17333108186721802,153163.7854712233
216000,138240000,0.022758716717362404,0.025518011301755905,0.001079406589269638,0.019181566312909126,0.06795855611562729,0.0,0.1774577647447586,153876.01860163175
217000,138880000,0.02393076941370964,0.02699252963066101,0.0011349950218573213,0.022404147312045097,0.06254424154758453,0.0,0.17630650103092194,154589.27214936726
218000,139520000,0.033334746956825256,0.037561386823654175,0.0015810092445462942,0.029315050691366196,0.06785248219966888,0.0,0.1766970157623291,155303.97114685364
219000,140160000,0.020205475389957428,0.022274520248174667,0.0009583107312209904,0.020432444289326668,0.06486145406961441,0.0,0.1745632290840149,156018.5374175422
220000,140800000,0.03638579696416855,0.0400332473218441,0.0017257153522223234,0.03079238533973694,0.07248714566230774,0.0,0.17676256597042084,156730.01946589258
221000,141440000,0.039575740694999695,0.04336167871952057,0.0018770089372992516,0.032958000898361206,0.07316858321428299,0.0,0.17517216503620148,157442.02540355548
222000,142080000,0.020282726734876633,0.022056136280298233,0.0009619746706448495,0.019856872037053108,0.0642581433057785,0.0,0.1764870285987854,158153.90856005438
223000,142720000,0.030811946839094162,0.03574253246188164,0.001461357343941927,0.026332268491387367,0.07103847712278366,0.0,0.17661365866661072,158865.57178198174
224000,143360000,0.025394633412361145,0.027429912239313126,0.0012044234899803996,0.022364076226949692,0.06250127404928207,0.0,0.17507261037826538,159576.85011135973
225000,144000000,0.029660632833838463,0.03343598172068596,0.0014067525044083595,0.02652204968035221,0.06844836473464966,0.0,0.17497572302818298,160288.23375981208
226000,144640000,0.023626936599612236,0.026683542877435684,0.001120584667660296,0.022909415885806084,0.07108229398727417,0.0,0.17516471445560455,161000.07643262018
227000,145280000,0.024748438969254494,0.02687986008822918,0.0011737756431102753,0.02088676393032074,0.06485854089260101,0.0,0.1765245497226715,161712.0533904517
228000,145920000,0.027487587183713913,0.031572215259075165,0.001303688739426434,0.021416164934635162,0.07092782855033875,0.0,0.17648309469223022,162424.85108302813
229000,146560000,0.03465859219431877,0.037234120070934296,0.0016437970334663987,0.02731330879032612,0.06774718314409256,0.0,0.1753883957862854,163137.88198410627
230000,147200000,0.03036016970872879,0.033129166811704636,0.0014399302890524268,0.026427721604704857,0.06731902807950974,0.0,0.17580284178256989,163850.8511492964
231000,147840000,0.022321222350001335,0.02776682935655117,0.0010586569551378489,0.016764385625720024,0.07471873611211777,0.0,0.17477281391620636,164562.8920783326
232000,148480000,0.02141323871910572,0.02485860325396061,0.0010155928321182728,0.01934937573969364,0.06459620594978333,0.0,0.17605964839458466,165274.44532578439
233000,149120000,0.022205110639333725,0.024193650111556053,0.0010531499283388257,0.022250458598136902,0.06184817850589752,0.0,0.17847824096679688,165986.00849076454
234000,149760000,0.02710048481822014,0.030416293069720268,0.0012853291118517518,0.02584557607769966,0.0599626749753952,0.0,0.17620351910591125,166697.6267819237
235000,150400000,0.02257453091442585,0.02530062012374401,0.0010706710163503885,0.01732354424893856,0.06198878213763237,0.0,0.17610812187194824,167410.09785611276
236000,151040000,0.029658937826752663,0.032191790640354156,0.0014066720614209771,0.028449270874261856,0.06699422001838684,0.0,0.17723864316940308,168122.14267035015
237000,151680000,0.03031178005039692,0.032510727643966675,0.0014376352773979306,0.02760697714984417,0.06570881605148315,0.0,0.17552199959754944,168834.3272839589
238000,152320000,0.018307363614439964,0.020587095990777016,0.000868286588229239,0.018019696697592735,0.06163462623953819,0.0,0.17658329010009766,169545.76564009953
239000,152960000,0.02136782370507717,0.02495609223842621,0.0010134389158338308,0.020449398085474968,0.07439379394054413,0.0,0.1758333146572113,170259.46939231176
240000,153600000,0.02231411263346672,0.024397797882556915,0.001058319816365838,0.019167250022292137,0.06328818202018738,0.0,0.17461608350276947,170971.3045323519
241000,154240000,0.022437430918216705,0.02444702759385109,0.0010641685221344233,0.02287464402616024,0.06742629408836365,0.0,0.1768386960029602,171683.21893496625
242000,154880000,0.03124167211353779,0.034819863736629486,0.001481738523580134,0.027863405644893646,0.07618925720453262,0.0,0.17701001465320587,172394.79732924607
243000,155520000,0.022087177261710167,0.023898474872112274,0.001047556521371007,0.02027587778866291,0.06229294091463089,0.0,0.1756269633769989,173106.62807875685
244000,156160000,0.025578459724783897,0.02778719551861286,0.0012131421826779842,0.024475499987602234,0.06247308850288391,0.0,0.178195521235466,173819.48227352463
245000,156800000,0.025804173201322556,0.028295909985899925,0.0012238472700119019,0.024636974558234215,0.06856413930654526,0.0,0.17477287352085114,174531.33135560155
246000,157440000,0.029955172911286354,0.033941205590963364,0.001420722110196948,0.023780040442943573,0.06823725998401642,0.0,0.1744230091571808,175244.11149479263
247000,158080000,0.026733525097370148,0.02881006896495819,0.0012679247884079814,0.024070268496870995,0.06594281643629074,0.0,0.1777401864528656,175956.87496953458
248000,158720000,0.022133413702249527,0.024497907608747482,0.001049749436788261,0.022201456129550934,0.0633821189403534,0.0,0.1772562861442566,176669.34593830537
249000,159360000,0.02490207925438881,0.027450481429696083,0.0011810625437647104,0.021556468680500984,0.06472533196210861,0.0,0.17568962275981903,177380.65322531294
250000,160000000,0.03203079104423523,0.03457380831241608,0.0015191651182249188,0.024937281385064125,0.06889370828866959,0.0,0.17367833852767944,178093.2781605525
251000,160640000,0.024402571842074394,0.026395170018076897,0.0011573716765269637,0.02192932739853859,0.06306479871273041,0.0,0.17638106644153595,178805.2421793947
252000,161280000,0.02745821885764599,0.029739195480942726,0.0013022958301007748,0.025713618844747543,0.06520617008209229,0.0,0.17706038057804108,179516.77653443348
253000,161920000,0.020135879516601562,0.02219078503549099,0.0009550099493935704,0.022739790380001068,0.06322862952947617,0.0,0.17699415981769562,180230.02057335712
254000,162560000,0.018370460718870163,0.021248752251267433,0.0008712791022844613,0.017672225832939148,0.06057770550251007,0.0,0.17627985775470734,180943.81771761738
255000,163200000,0.02882758341729641,0.03130510076880455,0.001367242424748838,0.026096468791365623,0.06999757885932922,0.0,0.17697465419769287,181654.92722375598
256000,163840000,0.027699990198016167,0.030722079798579216,0.001313762622885406,0.02557470090687275,0.07022318243980408,0.0,0.17605255544185638,182366.4911463689
257000,164480000,0.0188926812261343,0.022022301331162453,0.0008960471604950726,0.018836431205272675,0.05947102606296539,0.0,0.17576302587985992,183078.4413160719
258000,165120000,0.01995501108467579,0.022135060280561447,0.00094643171178177,0.019903885200619698,0.06010695546865463,0.0,0.1770780086517334,183790.4461600911
259000,165760000,0.02360961027443409,0.025780700147151947,0.0011197630083188415,0.02138480916619301,0.06517801433801651,0.0,0.17482450604438782,184503.00662424322
260000,166400000,0.028762096539139748,0.031960319727659225,0.0013641364639624953,0.023929424583911896,0.06948113441467285,0.0,0.1767463982105255,185215.00988407433
261000,167040000,0.022763198241591454,0.024990087375044823,0.0010796190472319722,0.02052832953631878,0.06476036459207535,0.0,0.17583434283733368,185927.31939377543
262000,167680000,0.020753489807248116,0.02247500605881214,0.0009843020234256983,0.020823553204536438,0.05679989978671074,0.0,0.17712296545505524,186639.83842677623
263000,168320000,0.021152976900339127,0.02317904122173786,0.0010032490827143192,0.021328844130039215,0.061040040105581284,0.0,0.17757190763950348,187350.76125440095
264000,168960000,0.01943298615515232,0.021417686715722084,0.0009216729085892439,0.018680816516280174,0.06019924208521843,0.0,0.17674796283245087,188061.36855353415
265000,169600000,0.026860572397708893,0.029267961159348488,0.0012739504454657435,0.02337470091879368,0.06484278291463852,0.0,0.17503714561462402,188773.1630539205
266000,170240000,0.021744780242443085,0.024413108825683594,0.0010313173988834023,0.020790208131074905,0.06210634112358093,0.0,0.17688968777656555,189484.0966431126
267000,170880000,0.020935211330652237,0.02311038225889206,0.0009929208317771554,0.021940182894468307,0.060491569340229034,0.0,0.17623460292816162,190195.57160771824
268000,171520000,0.02148602344095707,0.024244524538517,0.0010190450120717287,0.021202683448791504,0.06170870363712311,0.0,0.17674481868743896,190909.96636190452
269000,172160000,0.020375389605760574,0.02219313383102417,0.0009663694654591382,0.02037959173321724,0.060650940984487534,0.0,0.176291361451149,191621.90210022312
270000,172800000,0.025525888428092003,0.02766597457230091,0.0012106486828997731,0.023771345615386963,0.061008527874946594,0.0,0.176222562789917,192333.5567661682
271000,173440000,0.020728226751089096,0.022575002163648605,0.0009831038769334555,0.021128162741661072,0.05853288248181343,0.0,0.1763906478881836,193045.36705542542
272000,174080000,0.02118098735809326,0.02300901897251606,0.0010045776143670082,0.02044861949980259,0.06227283552289009,0.0,0.17541150748729706,193757.6520951502
273000,174720000,0.022176481783390045,0.024037236347794533,0.0010517920600250363,0.023203041404485703,0.060911186039447784,0.0,0.17570148408412933,194469.0970404204
274000,175360000,0.02142985910177231,0.02391190454363823,0.0010163811966776848,0.022048480808734894,0.06186853349208832,0.0,0.17703528702259064,195180.52068899013
275000,176000000,0.021585362032055855,0.02399088814854622,0.0010237563401460648,0.020982367917895317,0.061573468148708344,0.0,0.1760919839143753,195894.55618996732
276000,176640000,0.024207085371017456,0.026643697172403336,0.001148100127466023,0.024127596989274025,0.06262194365262985,0.0,0.17619355022907257,196607.49122832902
277000,177280000,0.019371595233678818,0.02200092375278473,0.0009187611867673695,0.01908797211945057,0.06141265854239464,0.0,0.1766931116580963,197320.169706163
278000,177920000,0.02349160984158516,0.025857802480459213,0.0011141664581373334,0.02279692329466343,0.06631964445114136,0.0,0.17581811547279358,198031.90017946064
279000,178560000,0.02448156848549843,0.027269946411252022,0.0011611183872446418,0.0234393160790205,0.06558580696582794,0.0,0.1760675609111786,198744.18350427598
280000,179200000,0.022579677402973175,0.024602903053164482,0.0010709150228649378,0.021924223750829697,0.06083777919411659,0.0,0.1770833432674408,199456.16590176616
281000,179840000,0.020886316895484924,0.02313699945807457,0.0009906018385663629,0.020694971084594727,0.062250103801488876,0.0,0.17677980661392212,200168.5091805337
282000,180480000,0.020567186176776886,0.02233125828206539,0.0009754661004990339,0.020158367231488228,0.06096237152814865,0.0,0.1759370118379593,200882.32390219998
283000,181120000,0.023691948503255844,0.025869475677609444,0.001123668160289526,0.022963780909776688,0.06318020075559616,0.0,0.17584675550460815,201594.86769408546
284000,181760000,0.026916729286313057,0.029285551980137825,0.001276613911613822,0.024517236277461052,0.06523313373327255,0.0,0.17602859437465668,202308.17867105547
285000,182400000,0.02221466228365898,0.024420728906989098,0.0010536029003560543,0.02208472415804863,0.061778467148542404,0.0,0.17632339894771576,203020.47630806267
286000,183040000,0.024106329306960106,0.026301167905330658,0.001143321511335671,0.022875724360346794,0.0622112862765789,0.0,0.1762172132730484,203732.8875219077
287000,183680000,0.024196354672312737,0.026455340906977654,0.0011475912760943174,0.02372026816010475,0.06177113950252533,0.0,0.17568156123161316,204444.77323540114
288000,184320000,0.023413054645061493,0.025328785181045532,0.0011104407021775842,0.02304496243596077,0.06220383569598198,0.0,0.17573842406272888,205156.8977070367
289000,184960000,0.024968091398477554,0.027095109224319458,0.0011841933010146022,0.024253757670521736,0.06395558267831802,0.0,0.17565734684467316,205870.709840253
290000,185600000,0.024577585980296135,0.026748793199658394,0.0011656723218038678,0.024209685623645782,0.06338813900947571,0.0,0.17606307566165924,206582.3555912571
291000,186240000,0.02347072772681713,0.025791265070438385,0.0011131759965792298,0.021889537572860718,0.0623285248875618,0.0,0.17624148726463318,207293.97163206805
292000,186880000,0.022188300266861916,0.02422061190009117,0.0010523527162149549,0.022368574514985085,0.06054665520787239,0.0,0.17626798152923584,208006.80389299244
293000,187520000,0.02329952083528042,0.02543136663734913,0.0011050559114664793,0.022989429533481598,0.06194043532013893,0.0,0.1758764088153839,208718.25171087962
294000,188160000,0.02255133166909218,0.02474259026348591,0.0010695706587284803,0.021992428228259087,0.06198909506201744,0.0,0.17635339498519897,209430.3754444113
295000,188800000,0.023306021466851234,0.02541746385395527,0.001105364179238677,0.02217010036110878,0.06209961697459221,0.0,0.17595988512039185,210143.06301552337
296000,189440000,0.022992415353655815,0.025046037510037422,0.0010904904920607805,0.022776292636990547,0.06295455992221832,0.0,0.17620834708213806,210856.51641574316
297000,190080000,0.02364383637905121,0.025807153433561325,0.0011213861871510744,0.022653160616755486,0.06279739737510681,0.0,0.1758504956960678,211568.43506040238
298000,190720000,0.023312602192163467,0.025481238961219788,0.0011056764051318169,0.022444695234298706,0.06299073249101639,0.0,0.17583847045898438,212279.97382041626
299000,191360000,0.023702533915638924,0.025889594107866287,0.0011241701431572437,0.022544991225004196,0.06261730939149857,0.0,0.17606106400489807,212992.28041288443
300000,192000000,0.023014193400740623,0.025149133056402206,0.001091523328796029,0.02218887023627758,0.06270648539066315,0.0,0.17602784931659698,213704.4311446054
